temperature,milk_production,lethargy,mouth_ulcers,mouth_blister,salivation,nasal_discharge,fmd_status
38.5,19.3,0,0,0,0,0,0
39.8,1,1,4,4,1,1,1
38.5,18.9,0,0,0,0,0,0
39.1,2,1,2,4,1,1,1
38.9,17.4,0,0,0,0,0,0
39.6,3.2,1,4,3,1,1,1
40.5,3.4,1,2,4,1,1,1
40,1.9,1,5,2,1,1,1
38.3,12.5,0,0,0,0,0,0
40.1,0,1,4,5,1,1,1
39,22.4,0,0,0,0,0,0
38.5,3.8,1,3,2,1,1,1
40.1,4.4,1,3,4,1,1,1
38.5,16.9,0,0,0,0,0,0
38.6,20.4,0,0,0,0,0,0
39.4,5,1,3,5,1,1,1
38.3,21.9,0,0,0,0,0,0
39,22.3,0,0,0,0,0,0
39.6,2,1,4,4,1,1,1
40.3,2.1,1,4,5,1,1,1
38.2,16,0,0,0,0,0,0
39.4,2.2,1,5,2,1,1,1
38.7,25,0,0,0,0,0,0
39.5,6.3,1,2,5,1,1,1
39.9,2.3,1,2,2,1,1,1
38.5,17.4,0,0,0,0,0,0
40.6,0.6,1,5,3,1,1,1
39.1,13.8,0,0,0,0,0,0
39,8,1,3,3,1,1,1
38.6,18.9,0,0,0,0,0,0
39,0,1,4,2,1,1,1
38,12.8,0,0,0,0,0,0
38.2,21.6,0,0,0,0,0,0
38.4,15.1,0,0,0,0,0,0
39.7,4.9,1,2,4,1,1,1
38.8,16.3,0,0,0,0,0,0
39.1,17.5,0,0,0,0,0,0
40.1,7.8,1,4,5,1,1,1
39.1,3.9,1,2,2,1,1,1
39.5,4.7,1,5,5,1,1,1
38.2,15.7,0,0,0,0,0,0
39.3,0,1,3,2,1,1,1
37.7,22.4,0,0,0,0,0,0
38.3,17.7,0,0,0,0,0,0
38,19.4,0,0,0,0,0,0
39.1,16.9,0,0,0,0,0,0
38.7,17.7,0,0,0,0,0,0
39.1,22.4,0,0,0,0,0,0
40.2,7,1,5,4,1,1,1
38.4,18.8,0,0,0,0,0,0
38.9,5.6,1,5,2,1,1,1
40,7.1,1,2,5,1,1,1
38.2,15.8,0,0,0,0,0,0
38.8,19.3,0,0,0,0,0,0
38.2,16.8,0,0,0,0,0,0
40.3,2.6,1,2,4,1,1,1
38.7,17.1,0,0,0,0,0,0
38.2,15.7,0,0,0,0,0,0
39.4,1.9,1,4,2,1,1,1
39.2,0.3,1,5,3,1,1,1
39.4,0.9,1,5,2,1,1,1
39.6,1.9,1,3,4,1,1,1
40.2,1.1,1,3,3,1,1,1
38.9,20.8,0,0,0,0,0,0
39.3,1.5,1,4,3,1,1,1
39.3,2.2,1,4,5,1,1,1
37.5,20.1,0,0,0,0,0,0
39,11.8,0,0,0,0,0,0
38.8,17.2,0,0,0,0,0,0
39,2.6,1,2,3,1,1,1
39.5,3.4,1,5,2,1,1,1
39.6,6.1,1,4,4,1,1,1
38.3,17.3,0,0,0,0,0,0
39.7,1.8,1,4,3,1,1,1
38.5,25,0,0,0,0,0,0
39.8,1.9,1,2,2,1,1,1
38.5,20.8,0,0,0,0,0,0
40.1,3.8,1,5,5,1,1,1
38.3,13.9,0,0,0,0,0,0
40.4,3.8,1,3,5,1,1,1
40.4,3.9,1,4,4,1,1,1
38.9,5.2,1,4,2,1,1,1
38.8,4.7,1,3,4,1,1,1
38.6,20.1,0,0,0,0,0,0
39.1,20.1,0,0,0,0,0,0
38.5,25,0,0,0,0,0,0
40,2.4,1,4,4,1,1,1
38.3,14.8,0,0,0,0,0,0
39.9,2.7,1,2,4,1,1,1
38.2,18.1,0,0,0,0,0,0
38.8,17.2,0,0,0,0,0,0
39.7,2,1,2,2,1,1,1
39.7,1.2,1,4,3,1,1,1
40.3,0.3,1,3,5,1,1,1
40.4,3.3,1,4,3,1,1,1
38.9,16.1,0,0,0,0,0,0
38.5,16.7,0,0,0,0,0,0
38.1,20.2,0,0,0,0,0,0
40.2,3.9,1,3,3,1,1,1
38.4,17.2,0,0,0,0,0,0
38.7,25,0,0,0,0,0,0
39.7,3.2,1,3,3,1,1,1
38.9,2.4,1,4,2,1,1,1
40,2.6,1,2,3,1,1,1
39.7,4.6,1,4,5,1,1,1
40.2,0.6,1,3,3,1,1,1
39,18.8,0,0,0,0,0,0
39.8,1.7,1,4,3,1,1,1
38.6,22.7,0,0,0,0,0,0
40.1,1.1,1,2,2,1,1,1
38.2,24.1,0,0,0,0,0,0
39.6,2.9,1,2,5,1,1,1
40.1,2.6,1,3,5,1,1,1
38.7,22.5,0,0,0,0,0,0
38.8,15.6,0,0,0,0,0,0
40.5,1.1,1,5,3,1,1,1
40.3,3,1,3,3,1,1,1
39.4,1.7,1,2,3,1,1,1
39.1,14.7,0,0,0,0,0,0
40.3,2.6,1,5,5,1,1,1
38.1,21.2,0,0,0,0,0,0
38.4,22.1,0,0,0,0,0,0
38.7,19.6,0,0,0,0,0,0
38.3,17.1,0,0,0,0,0,0
40.8,5.7,1,3,3,1,1,1
38.4,17.4,0,0,0,0,0,0
39.9,4,1,4,5,1,1,1
38.7,14.7,0,0,0,0,0,0
39.8,2.3,1,5,3,1,1,1
39.7,1,1,5,4,1,1,1
37.9,18.9,0,0,0,0,0,0
39.1,22.7,0,0,0,0,0,0
38.1,18.9,0,0,0,0,0,0
39.6,0,1,3,4,1,1,1
41.1,3.4,1,5,3,1,1,1
38.7,23.4,0,0,0,0,0,0
40.3,5.9,1,4,2,1,1,1
40.3,4.3,1,2,3,1,1,1
38.2,14.6,0,0,0,0,0,0
38.9,17.1,0,0,0,0,0,0
39.6,2.5,1,4,4,1,1,1
38.3,14.9,0,0,0,0,0,0
39.7,21.2,0,0,0,0,0,0
38.6,17.6,0,0,0,0,0,0
38.4,16.5,0,0,0,0,0,0
39.6,2.5,1,3,3,1,1,1
39,4.6,1,5,5,1,1,1
38.3,16.9,0,0,0,0,0,0
38.7,20.4,0,0,0,0,0,0
38.8,20.7,0,0,0,0,0,0
37.9,11.6,0,0,0,0,0,0
39.4,0,1,4,5,1,1,1
38.2,19.3,0,0,0,0,0,0
39.7,3.9,1,4,5,1,1,1
39,1.3,1,4,4,1,1,1
38.1,20.3,0,0,0,0,0,0
40,1.8,1,2,5,1,1,1
39.7,2,1,2,3,1,1,1
40.3,5.5,1,3,4,1,1,1
38.9,3.6,1,3,2,1,1,1
39.1,4,1,2,4,1,1,1
40.4,0,1,5,3,1,1,1
38.8,3.9,1,5,3,1,1,1
39.3,5.3,1,2,2,1,1,1
39.6,3.8,1,4,2,1,1,1
38.5,18.6,0,0,0,0,0,0
40.9,4.7,1,4,2,1,1,1
39,21.1,0,0,0,0,0,0
39.8,1.8,1,4,3,1,1,1
40.2,4.2,1,4,5,1,1,1
40.3,1.3,1,4,4,1,1,1
39.3,16,0,0,0,0,0,0
38.5,16.9,0,0,0,0,0,0
38.6,16.4,0,0,0,0,0,0
40.6,2.4,1,3,5,1,1,1
39.8,1.3,1,3,3,1,1,1
38.6,18.2,0,0,0,0,0,0
38.7,20,0,0,0,0,0,0
39.6,18.8,0,0,0,0,0,0
38.5,14.8,0,0,0,0,0,0
37.9,11.5,0,0,0,0,0,0
39.4,3.9,1,3,2,1,1,1
37.7,19.8,0,0,0,0,0,0
39.5,15.9,0,0,0,0,0,0
38.4,21,0,0,0,0,0,0
38.6,14.1,0,0,0,0,0,0
38,17.3,0,0,0,0,0,0
38.5,17.8,0,0,0,0,0,0
38.4,18.8,0,0,0,0,0,0
40.3,4.7,1,5,4,1,1,1
39.8,2.5,1,2,5,1,1,1
39.8,3.4,1,4,4,1,1,1
39.6,2.9,1,5,4,1,1,1
39.5,3.6,1,5,5,1,1,1
38.1,14.5,0,0,0,0,0,0
37.9,20.2,0,0,0,0,0,0
38.1,16.1,0,0,0,0,0,0
38.1,20.1,0,0,0,0,0,0
39.6,2.9,1,4,2,1,1,1
40.1,0.1,1,4,4,1,1,1
39.9,4.1,1,5,5,1,1,1
38.5,19,0,0,0,0,0,0
38.6,17.8,0,0,0,0,0,0
38.7,20.3,0,0,0,0,0,0
38.7,17.4,0,0,0,0,0,0
38.1,22.4,0,0,0,0,0,0
38.4,16.9,0,0,0,0,0,0
39.3,0.5,1,5,2,1,1,1
38.7,18.8,0,0,0,0,0,0
39.8,4.2,1,2,5,1,1,1
39.3,12.9,0,0,0,0,0,0
39.2,15.7,0,0,0,0,0,0
39.5,5.7,1,3,5,1,1,1
39,15.6,0,0,0,0,0,0
40.5,2.1,1,2,3,1,1,1
38.4,16.8,0,0,0,0,0,0
39.9,3,1,4,3,1,1,1
39.6,2.2,1,3,2,1,1,1
39.7,4.5,1,4,4,1,1,1
40.5,4.4,1,5,4,1,1,1
39.8,0.9,1,2,3,1,1,1
39.6,4.3,1,4,3,1,1,1
40.1,0.7,1,3,5,1,1,1
38.9,23.7,0,0,0,0,0,0
38.6,18.9,0,0,0,0,0,0
39.8,3.5,1,3,2,1,1,1
39.8,3,1,3,5,1,1,1
38.6,20,0,0,0,0,0,0
39.7,5.6,1,4,2,1,1,1
39.7,0.9,1,2,5,1,1,1
40.2,4.5,1,5,4,1,1,1
39.9,7.2,1,2,4,1,1,1
37.8,18.8,0,0,0,0,0,0
39,20.5,0,0,0,0,0,0
39.7,3.2,1,2,5,1,1,1
40.6,2.6,1,3,2,1,1,1
38.1,22.1,0,0,0,0,0,0
40.2,1.1,1,4,5,1,1,1
38.4,18.5,0,0,0,0,0,0
39.8,3.8,1,2,3,1,1,1
39.6,4.5,1,2,5,1,1,1
38.5,15.8,0,0,0,0,0,0
39.4,0.4,1,2,5,1,1,1
38.6,17.2,0,0,0,0,0,0
38.9,24.1,0,0,0,0,0,0
38.4,20,0,0,0,0,0,0
39.9,3.9,1,2,2,1,1,1
39,14.7,0,0,0,0,0,0
38.3,17.7,0,0,0,0,0,0
39.1,4.5,1,3,4,1,1,1
39.2,0,1,4,2,1,1,1
38.7,13.6,0,0,0,0,0,0
38.1,18.4,0,0,0,0,0,0
38.5,14.4,0,0,0,0,0,0
37.9,18.7,0,0,0,0,0,0
38.8,15.7,0,0,0,0,0,0
39.8,2.3,1,4,4,1,1,1
40.2,3.4,1,3,3,1,1,1
39.3,3.3,1,3,5,1,1,1
38.8,16.6,0,0,0,0,0,0
38.8,19.6,0,0,0,0,0,0
39,20.3,0,0,0,0,0,0
39,3.8,1,5,3,1,1,1
39.3,2.6,1,3,5,1,1,1
38.5,20.1,0,0,0,0,0,0
39.7,2.1,1,5,5,1,1,1
38.9,20.8,0,0,0,0,0,0
40,3.2,1,4,5,1,1,1
39.1,22.6,0,0,0,0,0,0
40.1,2.7,1,3,4,1,1,1
40.4,2.9,1,2,5,1,1,1
40.2,2.7,1,3,5,1,1,1
38.7,19.4,0,0,0,0,0,0
38.4,16.1,0,0,0,0,0,0
40.1,0,1,5,3,1,1,1
39.2,15,0,0,0,0,0,0
39,17,0,0,0,0,0,0
40.3,2.8,1,2,2,1,1,1
39.1,15.6,0,0,0,0,0,0
39.3,5.6,1,3,2,1,1,1
38,23,0,0,0,0,0,0
40.3,3.8,1,5,4,1,1,1
39.1,4.1,1,2,3,1,1,1
40.1,3.2,1,3,2,1,1,1
38.7,18.5,0,0,0,0,0,0
40.4,1.4,1,4,2,1,1,1
38.3,24.4,0,0,0,0,0,0
39.1,23,0,0,0,0,0,0
37.6,19.8,0,0,0,0,0,0
38.2,17,0,0,0,0,0,0
40.3,3.4,1,5,5,1,1,1
40.2,0,1,3,3,1,1,1
39.8,4,1,4,3,1,1,1
38.9,17.9,0,0,0,0,0,0
38.9,18.5,0,0,0,0,0,0
38.7,18.6,0,0,0,0,0,0
40.1,4.7,1,3,2,1,1,1
39.1,17.9,0,0,0,0,0,0
39.6,0.9,1,3,3,1,1,1
39.7,1.8,1,3,4,1,1,1
39.6,2.9,1,4,3,1,1,1
38.7,14.1,0,0,0,0,0,0
40.2,4.4,1,2,4,1,1,1
39.7,6.7,1,3,2,1,1,1
38.5,21.6,0,0,0,0,0,0
39.6,2.9,1,3,3,1,1,1
39.5,0.1,1,4,2,1,1,1
37.8,14.7,0,0,0,0,0,0
38.8,25,0,0,0,0,0,0
38.6,14.9,0,0,0,0,0,0
38.7,19.6,0,0,0,0,0,0
40.2,5.4,1,5,5,1,1,1
38.6,17.8,0,0,0,0,0,0
38,17.3,0,0,0,0,0,0
40.1,3,1,3,3,1,1,1
38.4,20,0,0,0,0,0,0
38.8,15.9,0,0,0,0,0,0
38.6,20.9,0,0,0,0,0,0
38.5,17.8,0,0,0,0,0,0
38.6,15.5,0,0,0,0,0,0
38.5,21.8,0,0,0,0,0,0
40,0.7,1,3,3,1,1,1
39.6,5,1,2,5,1,1,1
37.8,14.9,0,0,0,0,0,0
39,5.6,1,2,3,1,1,1
40.5,6.9,1,2,2,1,1,1
40.9,6,1,4,3,1,1,1
38.9,17.4,0,0,0,0,0,0
38.8,20.2,0,0,0,0,0,0
37.5,16.9,0,0,0,0,0,0
39.2,4.7,1,2,4,1,1,1
40.1,0,1,3,5,1,1,1
40.4,4.2,1,3,2,1,1,1
39.9,1.1,1,2,3,1,1,1
38.2,4,1,3,4,1,1,1
41.1,0,1,5,5,1,1,1
38.6,20,0,0,0,0,0,0
39.5,6.5,1,5,5,1,1,1
40.7,3.2,1,4,5,1,1,1
38.3,17.4,0,0,0,0,0,0
38.5,21,0,0,0,0,0,0
38.6,15.6,0,0,0,0,0,0
39.6,3.6,1,3,3,1,1,1
38.9,17,0,0,0,0,0,0
38,16.6,0,0,0,0,0,0
38.3,18.6,0,0,0,0,0,0
38.7,19.6,0,0,0,0,0,0
38.4,15.9,0,0,0,0,0,0
38.5,15.6,0,0,0,0,0,0
38.2,16.1,0,0,0,0,0,0
38.2,14.8,0,0,0,0,0,0
38.5,16.2,0,0,0,0,0,0
40.4,1.3,1,3,2,1,1,1
39.5,2.7,1,4,2,1,1,1
38.4,21.9,0,0,0,0,0,0
38.5,18.6,0,0,0,0,0,0
40,1.6,1,2,2,1,1,1
38.7,15,0,0,0,0,0,0
38.4,19.7,0,0,0,0,0,0
38.6,15.3,0,0,0,0,0,0
38.9,18.9,0,0,0,0,0,0
40.3,4.5,1,4,2,1,1,1
39,20.8,0,0,0,0,0,0
39.7,0,1,3,4,1,1,1
39.8,1.1,1,2,5,1,1,1
39.3,5,1,3,5,1,1,1
38.3,19.2,0,0,0,0,0,0
39.7,0,1,4,2,1,1,1
38.8,23.9,0,0,0,0,0,0
40.6,2.2,1,2,5,1,1,1
38.4,16.6,0,0,0,0,0,0
39,22.4,0,0,0,0,0,0
38.2,14.9,0,0,0,0,0,0
38.8,20.5,0,0,0,0,0,0
39.4,2,1,5,3,1,1,1
38.1,15.3,0,0,0,0,0,0
39.6,3.7,1,2,2,1,1,1
40.1,4.3,1,5,5,1,1,1
40.4,0,1,3,5,1,1,1
40,2.2,1,5,2,1,1,1
38.3,17.4,0,0,0,0,0,0
39.2,14.1,0,0,0,0,0,0
40,4,1,4,3,1,1,1
40,2.2,1,4,2,1,1,1
39.5,1.8,1,4,2,1,1,1
37.7,22,0,0,0,0,0,0
39.5,0.4,1,4,5,1,1,1
38.5,20.8,0,0,0,0,0,0
38.4,22.6,0,0,0,0,0,0
39,20.9,0,0,0,0,0,0
38.8,18.2,0,0,0,0,0,0
38.2,21.4,0,0,0,0,0,0
40.1,0.1,1,5,5,1,1,1
39,17.5,0,0,0,0,0,0
38.2,16.6,0,0,0,0,0,0
40.1,2.4,1,2,5,1,1,1
39.3,0,1,2,2,1,1,1
39.5,5.4,1,4,4,1,1,1
38.7,20.4,0,0,0,0,0,0
40,3.4,1,5,5,1,1,1
39.1,12.7,0,0,0,0,0,0
38.4,17.8,0,0,0,0,0,0
40.1,3.5,1,5,5,1,1,1
40.6,0,1,5,4,1,1,1
39.7,3.5,1,5,5,1,1,1
38.1,17.2,0,0,0,0,0,0
38.5,17.9,0,0,0,0,0,0
38.9,1.3,1,3,4,1,1,1
38.3,16.1,0,0,0,0,0,0
39.6,2.9,1,5,4,1,1,1
38.1,21.6,0,0,0,0,0,0
39.5,2,1,2,4,1,1,1
40,0,1,4,2,1,1,1
38.6,20.5,0,0,0,0,0,0
38.6,14.7,0,0,0,0,0,0
39.2,3.2,1,2,5,1,1,1
40.3,4.2,1,2,4,1,1,1
37.9,21.4,0,0,0,0,0,0
40.4,1.8,1,5,5,1,1,1
38.4,18.7,0,0,0,0,0,0
39.7,3.8,1,3,5,1,1,1
39.8,5,1,2,4,1,1,1
40,7.4,1,3,2,1,1,1
39.2,5.1,1,4,4,1,1,1
38.9,14.5,0,0,0,0,0,0
38.5,16.6,0,0,0,0,0,0
40,7,1,2,5,1,1,1
39.7,0.9,1,4,5,1,1,1
37.9,15.8,0,0,0,0,0,0
38.4,10.1,0,0,0,0,0,0
39.9,5.9,1,5,2,1,1,1
40,5.2,1,4,3,1,1,1
39.8,4.1,1,4,3,1,1,1
40,2.4,1,3,4,1,1,1
39.6,2.3,1,4,5,1,1,1
38.5,15.4,0,0,0,0,0,0
39.4,3,1,4,2,1,1,1
40.3,2.1,1,3,5,1,1,1
40.3,1.4,1,5,4,1,1,1
40.3,1.8,1,2,2,1,1,1
39.3,2.6,1,4,3,1,1,1
39.3,22,0,0,0,0,0,0
38.6,17.3,0,0,0,0,0,0
38,16.2,0,0,0,0,0,0
39.9,5,1,4,4,1,1,1
38.9,14,0,0,0,0,0,0
38.4,20.2,0,0,0,0,0,0
40.1,1.9,1,5,4,1,1,1
38,21.6,0,0,0,0,0,0
39.1,17.8,0,0,0,0,0,0
39,3.7,1,4,3,1,1,1
39,20,0,0,0,0,0,0
40.6,4.1,1,5,2,1,1,1
40.3,0.8,1,5,4,1,1,1
38.2,18,0,0,0,0,0,0
38.7,18.7,0,0,0,0,0,0
38.4,18.9,0,0,0,0,0,0
39.4,3.4,1,2,4,1,1,1
38.8,21.8,0,0,0,0,0,0
39.1,4.3,1,5,2,1,1,1
38.4,20.7,0,0,0,0,0,0
39.6,4.5,1,4,2,1,1,1
39.7,3.1,1,3,4,1,1,1
37.4,19.1,0,0,0,0,0,0
40.1,4.5,1,2,3,1,1,1
38.9,1.5,1,5,4,1,1,1
39.1,19.5,0,0,0,0,0,0
38.3,18.9,0,0,0,0,0,0
39.7,3.6,1,5,5,1,1,1
39.6,5.8,1,3,2,1,1,1
38.3,17.9,0,0,0,0,0,0
40.3,3.8,1,4,5,1,1,1
38.3,23.2,0,0,0,0,0,0
40.7,5.5,1,3,2,1,1,1
40.4,3,1,4,5,1,1,1
38.1,13.4,0,0,0,0,0,0
38.8,23.9,0,0,0,0,0,0
40,2.5,1,5,3,1,1,1
40.9,4.3,1,5,5,1,1,1
38.3,16.8,0,0,0,0,0,0
38,17.3,0,0,0,0,0,0
38.3,18.7,0,0,0,0,0,0
38.4,22.1,0,0,0,0,0,0
38.4,16.5,0,0,0,0,0,0
38.2,17.5,0,0,0,0,0,0
39,18.4,0,0,0,0,0,0
38.8,0.6,1,4,3,1,1,1
39.4,2.2,1,3,2,1,1,1
39.9,2.3,1,5,5,1,1,1
38.5,17.3,0,0,0,0,0,0
39.8,2.3,1,2,5,1,1,1
39.4,18.9,0,0,0,0,0,0
40.2,4.4,1,3,4,1,1,1
38.6,21.8,0,0,0,0,0,0
38.6,17.3,0,0,0,0,0,0
40.1,5.3,1,2,3,1,1,1
39.6,3.6,1,3,5,1,1,1
38.5,17.5,0,0,0,0,0,0
39.7,2,1,5,3,1,1,1
39.7,2.5,1,3,3,1,1,1
38,17,0,0,0,0,0,0
38.2,20.6,0,0,0,0,0,0
39.5,4.9,1,2,2,1,1,1
38.8,18,0,0,0,0,0,0
38.3,16,0,0,0,0,0,0
38.2,15.3,0,0,0,0,0,0
40.2,0,1,2,5,1,1,1
39.7,4,1,5,5,1,1,1
39.8,6.5,1,5,2,1,1,1
39.6,3.3,1,3,3,1,1,1
38.6,19.2,0,0,0,0,0,0
39.3,1.6,1,5,4,1,1,1
38.3,15.5,0,0,0,0,0,0
38.2,20.2,0,0,0,0,0,0
38.5,20.5,0,0,0,0,0,0
38.9,16.2,0,0,0,0,0,0
38.5,20.8,0,0,0,0,0,0
40.6,3.1,1,4,5,1,1,1
40.5,0,1,3,2,1,1,1
38.7,19.2,0,0,0,0,0,0
40.3,0.7,1,3,5,1,1,1
37.8,16.6,0,0,0,0,0,0
38.8,21.2,0,0,0,0,0,0
40.4,3.3,1,5,4,1,1,1
38.4,16.3,0,0,0,0,0,0
38.6,18.6,0,0,0,0,0,0
39.5,4.5,1,4,4,1,1,1
39.6,1.8,1,2,2,1,1,1
38.4,13.6,0,0,0,0,0,0
39,12.1,0,0,0,0,0,0
40.2,3,1,4,2,1,1,1
39,8.3,1,5,3,1,1,1
39.8,1.3,1,5,2,1,1,1
40.7,3.2,1,2,5,1,1,1
38.2,17.2,0,0,0,0,0,0
39.1,22.9,0,0,0,0,0,0
39.7,1.1,1,4,4,1,1,1
40.3,2.3,1,2,3,1,1,1
38.2,15,0,0,0,0,0,0
38.4,16.1,0,0,0,0,0,0
40.3,1.4,1,4,3,1,1,1
39.6,6.3,1,4,3,1,1,1
38.5,20.1,0,0,0,0,0,0
38.9,19.6,0,0,0,0,0,0
39.9,0,1,4,3,1,1,1
39,4.7,1,4,5,1,1,1
39.9,4.1,1,2,3,1,1,1
38.8,17.5,0,0,0,0,0,0
39.6,0,1,5,3,1,1,1
38.2,19.8,0,0,0,0,0,0
40,6.4,1,5,3,1,1,1
40.4,6.5,1,5,3,1,1,1
38.6,17.8,0,0,0,0,0,0
40.4,2.3,1,2,4,1,1,1
40.3,3.5,1,5,2,1,1,1
39.3,3.8,1,5,5,1,1,1
39.6,3.7,1,2,3,1,1,1
39.9,3.5,1,2,5,1,1,1
38,16.2,0,0,0,0,0,0
38.6,18.2,0,0,0,0,0,0
40.8,4.5,1,5,2,1,1,1
40.1,3.7,1,3,2,1,1,1
38.9,16.4,0,0,0,0,0,0
39.3,4.5,1,2,4,1,1,1
39,2.8,1,3,5,1,1,1
39,17.3,0,0,0,0,0,0
37.8,16.6,0,0,0,0,0,0
38.2,16.6,0,0,0,0,0,0
38,22.2,0,0,0,0,0,0
39.4,1.3,1,5,2,1,1,1
37.6,19.7,0,0,0,0,0,0
39,4.7,1,4,2,1,1,1
39.5,4.1,1,5,4,1,1,1
39.4,3.6,1,4,3,1,1,1
39.6,5.2,1,2,3,1,1,1
39,6.6,1,4,4,1,1,1
40.6,4.5,1,3,5,1,1,1
38.1,20,0,0,0,0,0,0
37.9,22.3,0,0,0,0,0,0
39.5,6.8,1,3,2,1,1,1
39.9,6.6,1,2,4,1,1,1
40.7,3.4,1,4,4,1,1,1
38.3,22.7,0,0,0,0,0,0
40.3,2.3,1,5,3,1,1,1
39.6,3.4,1,4,4,1,1,1
38.4,15.2,0,0,0,0,0,0
37.6,13.7,0,0,0,0,0,0
39.7,6,1,4,3,1,1,1
40.1,5.7,1,2,4,1,1,1
38.5,16.4,0,0,0,0,0,0
38.3,19.8,0,0,0,0,0,0
38.9,5.4,1,5,4,1,1,1
39.4,15.7,0,0,0,0,0,0
39.6,3.3,1,5,2,1,1,1
38.9,20,0,0,0,0,0,0
38.6,17,0,0,0,0,0,0
39.1,2.6,1,2,5,1,1,1
40.1,0.1,1,4,4,1,1,1
40,4.6,1,5,2,1,1,1
39.6,2.6,1,2,5,1,1,1
40.5,0,1,5,3,1,1,1
40.2,3.9,1,2,3,1,1,1
39.4,2.6,1,3,2,1,1,1
39.5,2,1,3,2,1,1,1
38.5,20.5,0,0,0,0,0,0
40.4,0,1,5,5,1,1,1
40.2,1.2,1,3,2,1,1,1
38.6,16.3,0,0,0,0,0,0
39,18.4,0,0,0,0,0,0
38.2,19.3,0,0,0,0,0,0
39.3,17.9,0,0,0,0,0,0
40.2,1.7,1,3,2,1,1,1
38.5,18.4,0,0,0,0,0,0
38.7,13,0,0,0,0,0,0
39.2,0,1,3,2,1,1,1
40.1,4.2,1,3,2,1,1,1
38.3,21.6,0,0,0,0,0,0
39,3.4,1,5,4,1,1,1
38.9,19.5,0,0,0,0,0,0
38.8,20.9,0,0,0,0,0,0
38.6,19.7,0,0,0,0,0,0
38.1,21.8,0,0,0,0,0,0
38.5,13.5,0,0,0,0,0,0
38.5,19.6,0,0,0,0,0,0
38.2,13.5,0,0,0,0,0,0
39.6,4.1,1,5,5,1,1,1
38.4,19.1,0,0,0,0,0,0
38.7,17.5,0,0,0,0,0,0
39.5,4.1,1,4,5,1,1,1
38.7,15.4,0,0,0,0,0,0
38,19.7,0,0,0,0,0,0
38.3,20.3,0,0,0,0,0,0
38.6,15.9,0,0,0,0,0,0
38.6,19.3,0,0,0,0,0,0
40.1,1.8,1,5,3,1,1,1
38.3,23,0,0,0,0,0,0
40.2,3.1,1,3,3,1,1,1
40,3.5,1,2,5,1,1,1
38.9,17.5,0,0,0,0,0,0
38.1,16.5,0,0,0,0,0,0
38.5,15.9,0,0,0,0,0,0
39.4,0,1,5,2,1,1,1
38.5,12.1,0,0,0,0,0,0
39.7,6.8,1,5,4,1,1,1
40.3,5.1,1,3,5,1,1,1
38.1,19,0,0,0,0,0,0
38.2,18.1,0,0,0,0,0,0
39,15.5,0,0,0,0,0,0
40.1,0,1,2,4,1,1,1
38.1,22.3,0,0,0,0,0,0
39.4,6.4,1,4,5,1,1,1
38.6,16,0,0,0,0,0,0
39,14,0,0,0,0,0,0
40.2,5.3,1,2,5,1,1,1
40.5,5,1,3,2,1,1,1
38.7,22.2,0,0,0,0,0,0
38.3,17.3,0,0,0,0,0,0
38.1,16,0,0,0,0,0,0
38.6,14.6,0,0,0,0,0,0
40.1,0,1,3,5,1,1,1
38.4,18,0,0,0,0,0,0
39.4,4.5,1,5,2,1,1,1
38.8,16.3,0,0,0,0,0,0
38.2,19,0,0,0,0,0,0
38.5,20.3,0,0,0,0,0,0
38.9,19.6,0,0,0,0,0,0
40,2.9,1,4,3,1,1,1
40.6,2.4,1,3,5,1,1,1
38.6,20.4,0,0,0,0,0,0
40,0,1,5,4,1,1,1
38.8,15.5,0,0,0,0,0,0
38.4,22.4,0,0,0,0,0,0
39.8,2.4,1,4,5,1,1,1
38.7,16.9,0,0,0,0,0,0
39,19.2,0,0,0,0,0,0
40.3,2,1,3,3,1,1,1
38.6,18.2,0,0,0,0,0,0
39,18,0,0,0,0,0,0
38.3,23.5,0,0,0,0,0,0
40.2,3.8,1,2,5,1,1,1
38.1,24,0,0,0,0,0,0
39.6,3,1,3,3,1,1,1
39.1,3.5,1,4,4,1,1,1
39.6,3.3,1,5,4,1,1,1
39.7,4.6,1,5,2,1,1,1
40,4.8,1,3,3,1,1,1
38.4,19.1,0,0,0,0,0,0
39.5,19.5,0,0,0,0,0,0
38.9,14.5,0,0,0,0,0,0
39.6,5.5,1,5,2,1,1,1
39.8,0,1,2,4,1,1,1
39.4,2.5,1,4,3,1,1,1
38.4,22.2,0,0,0,0,0,0
40.3,2.2,1,2,5,1,1,1
40.4,2.7,1,2,4,1,1,1
40.2,1.7,1,2,3,1,1,1
39.2,2.7,1,5,2,1,1,1
38.2,21.9,0,0,0,0,0,0
40.8,3.1,1,2,3,1,1,1
39.3,17.9,0,0,0,0,0,0
40.8,2.1,1,4,3,1,1,1
39.4,3.2,1,4,4,1,1,1
37.9,16.2,0,0,0,0,0,0
40.3,2.8,1,5,5,1,1,1
39.8,1.7,1,4,4,1,1,1
39.8,0.1,1,3,3,1,1,1
38.1,15.9,0,0,0,0,0,0
38.5,19.6,0,0,0,0,0,0
38.7,16.3,0,0,0,0,0,0
38.7,19.7,0,0,0,0,0,0
39.6,0,1,2,2,1,1,1
39.5,5.5,1,2,4,1,1,1
39.3,4.1,1,4,4,1,1,1
38.8,19.5,0,0,0,0,0,0
39.6,4.4,1,5,5,1,1,1
38.6,16.6,0,0,0,0,0,0
39,14.5,0,0,0,0,0,0
39.5,1.2,1,2,2,1,1,1
38.4,20.6,0,0,0,0,0,0
39.6,3.1,1,5,2,1,1,1
37.8,22.3,0,0,0,0,0,0
39.1,3.4,1,2,5,1,1,1
39.3,17.2,0,0,0,0,0,0
38.8,18.3,0,0,0,0,0,0
40.2,5.7,1,4,3,1,1,1
39.7,0,1,2,2,1,1,1
39.6,6.2,1,3,5,1,1,1
39.4,0.1,1,3,5,1,1,1
39.3,7.4,1,2,3,1,1,1
38.2,19.2,0,0,0,0,0,0
38.6,24.4,0,0,0,0,0,0
38.4,17.7,0,0,0,0,0,0
39.3,4.5,1,5,4,1,1,1
40.1,2.1,1,4,5,1,1,1
38.5,23.8,0,0,0,0,0,0
39.9,0.1,1,3,2,1,1,1
39.9,1.8,1,5,3,1,1,1
39.5,1.1,1,5,5,1,1,1
39.9,2.5,1,5,3,1,1,1
38.3,18.8,0,0,0,0,0,0
39,24.9,0,0,0,0,0,0
39.5,16.2,0,0,0,0,0,0
40.1,0,1,3,2,1,1,1
39.5,4,1,2,3,1,1,1
38.5,19,0,0,0,0,0,0
38.9,18.4,0,0,0,0,0,0
39.5,4.6,1,2,3,1,1,1
38.7,19.4,0,0,0,0,0,0
37.8,21.5,0,0,0,0,0,0
38.7,18,0,0,0,0,0,0
40.1,1.2,1,5,3,1,1,1
38.5,20.8,0,0,0,0,0,0
39.8,1.3,1,3,4,1,1,1
39.9,3.6,1,2,5,1,1,1
40,4.8,1,2,3,1,1,1
38.8,14.5,0,0,0,0,0,0
40.7,2.2,1,4,4,1,1,1
38.5,19.9,0,0,0,0,0,0
40.3,3,1,4,5,1,1,1
40.1,5.8,1,3,2,1,1,1
40.2,4.7,1,3,5,1,1,1
40.4,3.9,1,3,4,1,1,1
38.2,24.4,0,0,0,0,0,0
37.8,17.1,0,0,0,0,0,0
38.7,18.1,0,0,0,0,0,0
39.8,6.2,1,2,3,1,1,1
38.9,13.1,0,0,0,0,0,0
39.5,3.5,1,2,5,1,1,1
39.8,7.5,1,5,5,1,1,1
39.5,2.2,1,5,4,1,1,1
37.8,13.7,0,0,0,0,0,0
40.6,2.4,1,4,4,1,1,1
39,2.9,1,4,3,1,1,1
39.2,0.7,1,2,3,1,1,1
40.3,1.6,1,4,4,1,1,1
40.2,3.9,1,4,5,1,1,1
40.5,1.3,1,3,3,1,1,1
39.8,2.3,1,5,3,1,1,1
38.8,15.5,0,0,0,0,0,0
38.3,15.6,0,0,0,0,0,0
39.5,2.1,1,3,3,1,1,1
38.9,20.2,0,0,0,0,0,0
39.1,25,0,0,0,0,0,0
40.3,1.2,1,4,4,1,1,1
39.5,5.2,1,2,3,1,1,1
38.7,16.5,0,0,0,0,0,0
38.9,20.6,0,0,0,0,0,0
38.9,17.2,0,0,0,0,0,0
38,14.3,0,0,0,0,0,0
38.8,18.7,0,0,0,0,0,0
38,15.3,0,0,0,0,0,0
40.4,4.2,1,3,5,1,1,1
40.1,4.8,1,5,2,1,1,1
39.6,0.7,1,3,2,1,1,1
38,19.8,0,0,0,0,0,0
39.1,22,0,0,0,0,0,0
41,2.8,1,3,4,1,1,1
39.8,0,1,4,5,1,1,1
38.2,24.3,0,0,0,0,0,0
37.9,17.2,0,0,0,0,0,0
38.7,18.9,0,0,0,0,0,0
40,2.4,1,4,2,1,1,1
39.2,16.6,0,0,0,0,0,0
38.8,20.7,0,0,0,0,0,0
39.8,0.4,1,3,5,1,1,1
38.4,14.1,0,0,0,0,0,0
38.3,19.2,0,0,0,0,0,0
37.9,19.2,0,0,0,0,0,0
40.2,3,1,5,4,1,1,1
40.8,3.5,1,4,2,1,1,1
38.9,1.4,1,4,3,1,1,1
40.4,0.8,1,4,5,1,1,1
39.9,2.1,1,2,5,1,1,1
39.8,13.7,0,0,0,0,0,0
39.3,3.6,1,2,3,1,1,1
38.2,17.2,0,0,0,0,0,0
39,0.6,1,2,5,1,1,1
38.9,5.3,1,2,2,1,1,1
40.5,4.3,1,2,2,1,1,1
38.1,19.7,0,0,0,0,0,0
38.3,17.6,0,0,0,0,0,0
39.4,18,0,0,0,0,0,0
40.7,2.2,1,3,5,1,1,1
39.5,5.8,1,3,3,1,1,1
39.7,2.5,1,2,3,1,1,1
40.1,3.1,1,3,3,1,1,1
38.6,22.5,0,0,0,0,0,0
38.9,20,0,0,0,0,0,0
38.5,15.3,0,0,0,0,0,0
38.2,13.7,0,0,0,0,0,0
38.7,18.7,0,0,0,0,0,0
38.3,16.1,0,0,0,0,0,0
38.3,20.1,0,0,0,0,0,0
40.2,2.6,1,3,4,1,1,1
40.4,4.1,1,5,5,1,1,1
39.6,2.8,1,3,5,1,1,1
38.3,13.3,0,0,0,0,0,0
40.1,3.3,1,3,3,1,1,1
39.8,4.6,1,3,2,1,1,1
40,6.3,1,2,2,1,1,1
39.1,13.3,0,0,0,0,0,0
38.5,17.6,0,0,0,0,0,0
38.9,2.1,1,5,4,1,1,1
39.7,2.3,1,2,4,1,1,1
38.5,19.9,0,0,0,0,0,0
40.3,1.6,1,3,3,1,1,1
39.6,0,1,3,4,1,1,1
38.3,16,0,0,0,0,0,0
38.3,17.2,0,0,0,0,0,0
37.7,18.1,0,0,0,0,0,0
39.4,1.8,1,2,5,1,1,1
38.7,14.8,0,0,0,0,0,0
40,2.6,1,4,3,1,1,1
38.9,1.1,1,5,3,1,1,1
39.2,15.1,0,0,0,0,0,0
38.8,18.3,0,0,0,0,0,0
40,2.4,1,5,3,1,1,1
39.3,16.6,0,0,0,0,0,0
39,16.8,0,0,0,0,0,0
38.5,19.9,0,0,0,0,0,0
39.7,2.3,1,3,4,1,1,1
38.4,15.9,0,0,0,0,0,0
39.8,6.8,1,3,5,1,1,1
39.4,17.2,0,0,0,0,0,0
40,6,1,4,2,1,1,1
38.1,18.2,0,0,0,0,0,0
40,1.6,1,2,5,1,1,1
39.1,1.5,1,5,5,1,1,1
39.5,4.7,1,4,5,1,1,1
38.9,20.5,0,0,0,0,0,0
40.3,5.4,1,5,4,1,1,1
38.5,19.1,0,0,0,0,0,0
38.3,2.7,1,5,4,1,1,1
39.4,15.6,0,0,0,0,0,0
39.7,1.4,1,3,5,1,1,1
39.8,0.3,1,2,3,1,1,1
38.7,13.1,0,0,0,0,0,0
38.7,19.5,0,0,0,0,0,0
39,19.5,0,0,0,0,0,0
38.9,16.6,0,0,0,0,0,0
39.7,3,1,5,4,1,1,1
39.2,15.3,0,0,0,0,0,0
39.1,21,0,0,0,0,0,0
40.4,3.7,1,4,5,1,1,1
39.9,2.8,1,3,4,1,1,1
38.1,18.8,0,0,0,0,0,0
38.5,17.4,0,0,0,0,0,0
40.7,2.7,1,3,3,1,1,1
38.2,20.1,0,0,0,0,0,0
39.3,3.6,1,3,3,1,1,1
39.9,2.3,1,2,2,1,1,1
38.5,16.2,0,0,0,0,0,0
38.4,18.2,0,0,0,0,0,0
38.6,17.2,0,0,0,0,0,0
40,2,1,5,3,1,1,1
38.3,21,0,0,0,0,0,0
40.2,4.7,1,5,5,1,1,1
38.7,21.6,0,0,0,0,0,0
40.1,5.3,1,3,4,1,1,1
39.6,4.1,1,2,2,1,1,1
38.2,12.5,0,0,0,0,0,0
38.5,9.4,0,0,0,0,0,0
38.7,16.5,0,0,0,0,0,0
39.8,2.7,1,4,5,1,1,1
38.5,24.8,0,0,0,0,0,0
38.5,19.6,0,0,0,0,0,0
40.6,3,1,3,4,1,1,1
38.3,12.2,0,0,0,0,0,0
41,3.6,1,5,3,1,1,1
38.9,20.1,0,0,0,0,0,0
40.1,2.7,1,3,5,1,1,1
38.1,13.5,0,0,0,0,0,0
38.9,1.3,1,3,3,1,1,1
40.1,2.2,1,5,5,1,1,1
38.8,19.3,0,0,0,0,0,0
38.5,17.2,0,0,0,0,0,0
39.5,22.3,0,0,0,0,0,0
39.4,4.4,1,5,5,1,1,1
37.6,17.5,0,0,0,0,0,0
38.3,19,0,0,0,0,0,0
38.8,0.9,1,4,2,1,1,1
39.2,14.5,0,0,0,0,0,0
39.3,16,0,0,0,0,0,0
40.2,2.5,1,4,5,1,1,1
40,2.6,1,5,3,1,1,1
39.7,4.9,1,4,3,1,1,1
39.3,19.5,0,0,0,0,0,0
38.3,16.8,0,0,0,0,0,0
40.1,1,1,4,3,1,1,1
40.3,2.1,1,4,3,1,1,1
38.4,20.4,0,0,0,0,0,0
39.6,5,1,5,3,1,1,1
39.5,4.6,1,3,3,1,1,1
39.6,1.5,1,5,3,1,1,1
39.8,3.3,1,5,4,1,1,1
38.1,14.8,0,0,0,0,0,0
38.6,15.7,0,0,0,0,0,0
40.3,2.3,1,2,5,1,1,1
40,0,1,4,4,1,1,1
39,22.8,0,0,0,0,0,0
39.4,3.5,1,3,4,1,1,1
39.1,6.7,1,4,3,1,1,1
38.5,18.9,0,0,0,0,0,0
40.5,2.4,1,3,5,1,1,1
38.9,3.4,1,4,4,1,1,1
39.7,1,1,5,3,1,1,1
39,5.6,1,4,3,1,1,1
39.8,3.2,1,2,5,1,1,1
39.4,20.3,0,0,0,0,0,0
39.3,4.3,1,2,5,1,1,1
39.5,3.5,1,3,2,1,1,1
39.3,3.7,1,2,2,1,1,1
40.2,6.4,1,4,3,1,1,1
39.8,4.1,1,3,4,1,1,1
38.3,18.4,0,0,0,0,0,0
38.7,22.5,0,0,0,0,0,0
38.5,15.1,0,0,0,0,0,0
40.3,0.8,1,5,2,1,1,1
39.7,2.4,1,2,3,1,1,1
40,0,1,2,2,1,1,1
39.2,0,1,3,5,1,1,1
39.2,0.9,1,5,2,1,1,1
38.4,19.4,0,0,0,0,0,0
39.5,3.1,1,4,5,1,1,1
38,16.3,0,0,0,0,0,0
40,6,1,5,3,1,1,1
38.5,19.7,0,0,0,0,0,0
40.1,3.5,1,2,2,1,1,1
40.1,2.6,1,4,2,1,1,1
40.3,5.3,1,4,2,1,1,1
40.9,3.2,1,5,3,1,1,1
39.8,2,1,2,4,1,1,1
38.6,14.1,0,0,0,0,0,0
38.5,17.1,0,0,0,0,0,0
38.7,14.4,0,0,0,0,0,0
40.1,0.4,1,5,4,1,1,1
38.7,15.1,0,0,0,0,0,0
39.7,3.1,1,4,5,1,1,1
38.9,16.1,0,0,0,0,0,0
40.3,2.6,1,5,2,1,1,1
39.6,4.7,1,5,5,1,1,1
38.3,15.8,0,0,0,0,0,0
40.5,2.2,1,5,2,1,1,1
39.6,0.6,1,3,5,1,1,1
39.5,0.5,1,3,2,1,1,1
39.9,5.7,1,3,4,1,1,1
38.7,13.5,0,0,0,0,0,0
38.5,17.9,0,0,0,0,0,0
40.3,2.5,1,5,4,1,1,1
38.9,1.4,1,4,5,1,1,1
38.3,18.5,0,0,0,0,0,0
38.7,15.4,0,0,0,0,0,0
38.7,16.7,0,0,0,0,0,0
38.6,16,0,0,0,0,0,0
38.6,18.5,0,0,0,0,0,0
39.6,5,1,2,5,1,1,1
38.1,14.5,0,0,0,0,0,0
40.1,1.7,1,2,5,1,1,1
39.6,8.9,1,5,4,1,1,1
38.3,16.7,0,0,0,0,0,0
38.7,20.5,0,0,0,0,0,0
40.6,7.4,1,4,3,1,1,1
39.8,3.3,1,4,4,1,1,1
38.6,25,0,0,0,0,0,0
38.2,19.4,0,0,0,0,0,0
39.9,3.5,1,4,4,1,1,1
39.6,1.6,1,3,3,1,1,1
40.5,3.3,1,2,4,1,1,1
39.5,2.1,1,3,3,1,1,1
39,13.2,0,0,0,0,0,0
38.4,20.7,0,0,0,0,0,0
38,19.4,0,0,0,0,0,0
40.1,4,1,2,2,1,1,1
39.1,21.7,0,0,0,0,0,0
38.4,19.4,0,0,0,0,0,0
40.6,1.5,1,3,4,1,1,1
38.6,20.2,0,0,0,0,0,0
38.9,6.8,1,4,3,1,1,1
39.7,0,1,5,3,1,1,1
40,3.3,1,5,3,1,1,1
38.7,13.6,0,0,0,0,0,0
37.9,17.8,0,0,0,0,0,0
37.8,18.1,0,0,0,0,0,0
37.8,18.8,0,0,0,0,0,0
39.9,3.6,1,2,3,1,1,1
40,6.6,1,5,4,1,1,1
38.9,15.5,0,0,0,0,0,0
40.6,4.3,1,5,3,1,1,1
38,17.5,0,0,0,0,0,0
38.4,13.7,0,0,0,0,0,0
40.4,3,1,2,4,1,1,1
38.9,21.9,0,0,0,0,0,0
38.5,18.9,0,0,0,0,0,0
38.9,19,0,0,0,0,0,0
39.9,1.4,1,5,2,1,1,1
38.7,25,0,0,0,0,0,0
38.6,18,0,0,0,0,0,0
39.7,0.5,1,3,4,1,1,1
38.7,20.3,0,0,0,0,0,0
39.5,5,1,3,2,1,1,1
40.3,5,1,2,3,1,1,1
39.4,3.2,1,3,2,1,1,1
40.1,0.8,1,4,3,1,1,1
39.2,4.4,1,2,2,1,1,1
38.7,0,1,2,2,1,1,1
38.5,14.3,0,0,0,0,0,0
39,18.3,0,0,0,0,0,0
39.6,3,1,4,3,1,1,1
38.9,17.4,0,0,0,0,0,0
40.5,4.5,1,5,3,1,1,1
39.5,3.3,1,2,3,1,1,1
38.8,14.7,0,0,0,0,0,0
38.6,18.9,0,0,0,0,0,0
38,21.1,0,0,0,0,0,0
40.3,5.2,1,2,5,1,1,1
39.7,1.9,1,5,3,1,1,1
38.2,12.5,0,0,0,0,0,0
38.2,16.5,0,0,0,0,0,0
39.8,2.6,1,2,5,1,1,1
38,17.1,0,0,0,0,0,0
39.6,2.1,1,5,3,1,1,1
39.9,0.5,1,4,4,1,1,1
39.4,0.5,1,4,3,1,1,1
38.7,13.1,0,0,0,0,0,0
40.1,0.7,1,3,3,1,1,1
38.5,20.7,0,0,0,0,0,0
39.7,4.7,1,2,3,1,1,1
38.3,15.6,0,0,0,0,0,0
38.6,15.9,0,0,0,0,0,0
40,5.2,1,3,4,1,1,1
39.8,4.5,1,4,5,1,1,1
40.1,3.4,1,3,3,1,1,1
38.7,20.4,0,0,0,0,0,0
38.8,5.7,1,4,3,1,1,1
38.2,20.9,0,0,0,0,0,0
39.4,7.6,1,3,3,1,1,1
39.2,4.3,1,4,2,1,1,1
39.4,8.7,1,4,2,1,1,1
39.1,15.1,0,0,0,0,0,0
39.2,17.1,0,0,0,0,0,0
40.3,0,1,5,2,1,1,1
39.3,1.4,1,5,3,1,1,1
38.8,1.2,1,3,4,1,1,1
39.6,0,1,2,5,1,1,1
40.4,0,1,2,4,1,1,1
39.6,3.5,1,2,3,1,1,1
38.3,16,0,0,0,0,0,0
40,4.3,1,5,3,1,1,1
40.1,6.4,1,5,3,1,1,1
38.2,12.3,0,0,0,0,0,0
38.5,15,0,0,0,0,0,0
38,18.6,0,0,0,0,0,0
39.2,15.5,0,0,0,0,0,0
40.4,0,1,5,2,1,1,1
38.4,17.6,0,0,0,0,0,0
38.9,17.7,0,0,0,0,0,0
39.3,4.6,1,2,5,1,1,1
39.8,0,1,5,3,1,1,1
39.6,0,1,3,5,1,1,1
39.7,5.5,1,4,3,1,1,1
39.4,6.7,1,4,4,1,1,1
40,2.7,1,2,4,1,1,1
39.9,6,1,2,4,1,1,1
38.3,11.8,0,0,0,0,0,0
40.1,1.9,1,5,4,1,1,1
40.1,0,1,4,3,1,1,1
38.5,18.7,0,0,0,0,0,0
39.2,2.7,1,5,3,1,1,1
38.6,15.6,0,0,0,0,0,0
38.4,2.2,1,2,3,1,1,1
39.7,2.1,1,3,4,1,1,1
37.7,11.8,0,0,0,0,0,0
39.4,19.3,0,0,0,0,0,0
39.8,3.2,1,5,3,1,1,1
40.7,4.5,1,5,5,1,1,1
39.2,4.8,1,5,4,1,1,1
38,17.5,0,0,0,0,0,0
39,17.5,0,0,0,0,0,0
41,4.4,1,3,3,1,1,1
38.5,20.6,0,0,0,0,0,0
39.7,1.4,1,4,4,1,1,1
37.6,18.8,0,0,0,0,0,0
39.4,3.5,1,2,5,1,1,1
38.2,13.4,0,0,0,0,0,0
40,3.4,1,2,5,1,1,1
39.8,0,1,4,5,1,1,1
40.1,1.3,1,3,4,1,1,1
37.8,21.7,0,0,0,0,0,0
38.9,0,1,5,2,1,1,1
40.3,1.9,1,4,2,1,1,1
40,3.8,1,2,4,1,1,1
40,3.6,1,4,3,1,1,1
38.5,13.4,0,0,0,0,0,0
38.2,18.3,0,0,0,0,0,0
38.5,19.8,0,0,0,0,0,0
38.9,21.9,0,0,0,0,0,0
39.5,5.1,1,3,2,1,1,1
39.9,4.8,1,5,3,1,1,1
38.1,19.1,0,0,0,0,0,0
38.5,20.2,0,0,0,0,0,0
40,6.4,1,2,2,1,1,1
40,3.2,1,3,4,1,1,1
38.3,18.4,0,0,0,0,0,0
40,2.5,1,3,2,1,1,1
40.2,2.3,1,4,2,1,1,1
40,6.7,1,2,2,1,1,1
40,4.9,1,4,4,1,1,1
38.5,21.2,0,0,0,0,0,0
38.1,16.8,0,0,0,0,0,0
39.6,6.8,1,4,3,1,1,1
38.8,12.7,0,0,0,0,0,0
38.5,20.8,0,0,0,0,0,0
39.6,0,1,3,2,1,1,1
38.8,18.3,0,0,0,0,0,0
39.4,0.5,1,5,2,1,1,1
38.5,20.3,0,0,0,0,0,0
37.9,22.1,0,0,0,0,0,0
38.3,20.1,0,0,0,0,0,0
39.8,0.9,1,5,3,1,1,1
39.7,3.9,1,2,5,1,1,1
40.3,2.5,1,3,5,1,1,1
39.4,3.7,1,4,4,1,1,1
38.9,17.3,0,0,0,0,0,0
38.5,17.6,0,0,0,0,0,0
39.9,2.2,1,5,2,1,1,1
39,16.9,0,0,0,0,0,0
37.9,17.6,0,0,0,0,0,0
38.9,4.3,1,5,2,1,1,1
39.5,6.6,1,4,5,1,1,1
38.9,23.5,0,0,0,0,0,0
38.9,18.2,0,0,0,0,0,0
39.3,14.8,0,0,0,0,0,0
39.4,19.9,0,0,0,0,0,0
39,12.3,0,0,0,0,0,0
38.1,20,0,0,0,0,0,0
39.2,17.2,0,0,0,0,0,0
39.4,1.6,1,5,3,1,1,1
38.2,21.1,0,0,0,0,0,0
39.4,1,1,5,3,1,1,1
39.6,3,1,3,3,1,1,1
39,2,1,5,3,1,1,1
38.1,20.5,0,0,0,0,0,0
38.6,15.1,0,0,0,0,0,0
39.1,17.5,0,0,0,0,0,0
39.8,5.8,1,5,5,1,1,1
38.3,23.6,0,0,0,0,0,0
39.6,3.4,1,3,3,1,1,1
38.4,16.1,0,0,0,0,0,0
40.5,0.4,1,4,5,1,1,1
39,17.1,0,0,0,0,0,0
38.7,18,0,0,0,0,0,0
40.4,1.7,1,4,5,1,1,1
39.5,4.5,1,3,4,1,1,1
38.7,17.1,0,0,0,0,0,0
39.3,2.7,1,5,4,1,1,1
38.3,15.4,0,0,0,0,0,0
39.2,1.9,1,5,3,1,1,1
40.4,0.7,1,4,4,1,1,1
39.8,5.4,1,3,3,1,1,1
39,3.8,1,3,4,1,1,1
38.5,18.2,0,0,0,0,0,0
39.7,0.6,1,4,4,1,1,1
39,5.7,1,4,4,1,1,1
39.6,1.9,1,5,4,1,1,1
39.8,1.9,1,5,4,1,1,1
38.4,13.6,0,0,0,0,0,0
38.2,20.3,0,0,0,0,0,0
39.5,3.6,1,4,3,1,1,1
39.4,23.5,0,0,0,0,0,0
38.2,7.2,1,4,5,1,1,1
40.7,4.9,1,5,2,1,1,1
38.6,19.6,0,0,0,0,0,0
40.1,4.9,1,3,4,1,1,1
40.2,4.7,1,5,3,1,1,1
39,4.4,1,3,2,1,1,1
39.1,16.7,0,0,0,0,0,0
38.9,13.9,0,0,0,0,0,0
40.4,3,1,4,3,1,1,1
40.5,6.5,1,3,5,1,1,1
38.5,22.8,0,0,0,0,0,0
39.7,3.9,1,5,5,1,1,1
39.4,3,1,3,3,1,1,1
38.2,20.3,0,0,0,0,0,0
38.5,12.1,0,0,0,0,0,0
37.8,19.1,0,0,0,0,0,0
40,5.8,1,5,3,1,1,1
39.6,20,0,0,0,0,0,0
37.8,15.3,0,0,0,0,0,0
39.6,6.5,1,4,2,1,1,1
37.8,18.9,0,0,0,0,0,0
38.6,17.8,0,0,0,0,0,0
39.3,0.8,1,4,2,1,1,1
40.3,1.3,1,4,3,1,1,1
38.6,14.9,0,0,0,0,0,0
39.3,1.1,1,4,4,1,1,1
40.4,0,1,4,5,1,1,1
38.9,11.8,0,0,0,0,0,0
39.3,20,0,0,0,0,0,0
38.9,15.2,0,0,0,0,0,0
37.5,19.2,0,0,0,0,0,0
39.7,1.4,1,4,2,1,1,1
38.2,13.5,0,0,0,0,0,0
38.8,19.8,0,0,0,0,0,0
39.5,1.7,1,4,4,1,1,1
40.6,5.4,1,3,3,1,1,1
39.6,20,0,0,0,0,0,0
38.5,18.5,0,0,0,0,0,0
39.3,5.3,1,5,4,1,1,1
39.1,5.3,1,3,4,1,1,1
38.8,19.2,0,0,0,0,0,0
38.7,18.1,0,0,0,0,0,0
40.9,2.7,1,5,4,1,1,1
39.4,6.6,1,4,4,1,1,1
40.3,0,1,2,2,1,1,1
38.8,15.8,0,0,0,0,0,0
40.1,6.5,1,5,3,1,1,1
40.3,2,1,2,4,1,1,1
40.1,2.3,1,4,4,1,1,1
39.6,4,1,2,2,1,1,1
40.3,1.3,1,4,3,1,1,1
38.3,22,0,0,0,0,0,0
39.7,0.9,1,3,3,1,1,1
38.9,15.4,0,0,0,0,0,0
39,15,0,0,0,0,0,0
39.4,2.4,1,2,3,1,1,1
38.6,16.3,0,0,0,0,0,0
37.6,20.1,0,0,0,0,0,0
37.7,18.2,0,0,0,0,0,0
38.2,21.7,0,0,0,0,0,0
38.4,11.9,0,0,0,0,0,0
40.1,3.3,1,3,2,1,1,1
38.4,16.2,0,0,0,0,0,0
39.4,4.6,1,2,4,1,1,1
38.2,17.9,0,0,0,0,0,0
38.8,19.3,0,0,0,0,0,0
39.8,1.9,1,5,4,1,1,1
38.3,19.3,0,0,0,0,0,0
39.6,2.5,1,4,2,1,1,1
38.3,19.6,0,0,0,0,0,0
38.4,18.6,0,0,0,0,0,0
38.7,14.8,0,0,0,0,0,0
37.9,18.8,0,0,0,0,0,0
39.9,1.5,1,5,2,1,1,1
40.1,2.4,1,5,3,1,1,1
38.5,16.9,0,0,0,0,0,0
40.3,2.9,1,2,3,1,1,1
39.6,4.1,1,4,2,1,1,1
39.9,1.5,1,2,2,1,1,1
39.6,0.4,1,2,3,1,1,1
38.3,18.7,0,0,0,0,0,0
39.4,1.3,1,3,5,1,1,1
39.2,2.8,1,4,3,1,1,1
39,19.6,0,0,0,0,0,0
38.7,11.8,0,0,0,0,0,0
38.8,22.2,0,0,0,0,0,0
39.2,1.8,1,3,5,1,1,1
39.4,3.2,1,5,3,1,1,1
39.2,1.5,1,2,2,1,1,1
39,2.1,1,5,4,1,1,1
38.1,20.3,0,0,0,0,0,0
39.3,3.6,1,5,4,1,1,1
40.3,4.8,1,4,5,1,1,1
38.5,18.2,0,0,0,0,0,0
38.8,18.6,0,0,0,0,0,0
39.4,0.8,1,2,2,1,1,1
40.4,5.7,1,3,2,1,1,1
38.4,22.2,0,0,0,0,0,0
38.2,20.5,0,0,0,0,0,0
38.8,2.4,1,5,4,1,1,1
41.1,3.9,1,2,3,1,1,1
38.3,16,0,0,0,0,0,0
40.5,5.8,1,3,3,1,1,1
38.6,2.4,1,2,5,1,1,1
39.4,4.8,1,2,5,1,1,1
40.6,3.9,1,5,2,1,1,1
38.6,13.8,0,0,0,0,0,0
38.8,20.4,0,0,0,0,0,0
39.7,3.5,1,2,3,1,1,1
39.6,4.6,1,5,5,1,1,1
38.5,16.2,0,0,0,0,0,0
38.3,16.6,0,0,0,0,0,0
38.5,14.9,0,0,0,0,0,0
39.5,15.4,0,0,0,0,0,0
38.3,20.1,0,0,0,0,0,0
39.6,7.2,1,2,5,1,1,1
38.4,17.2,0,0,0,0,0,0
38.1,19.9,0,0,0,0,0,0
38.8,19.5,0,0,0,0,0,0
39.8,4.9,1,3,5,1,1,1
37.9,25,0,0,0,0,0,0
40,2.9,1,5,5,1,1,1
39.6,4.7,1,3,2,1,1,1
40.5,0.5,1,4,2,1,1,1
38.1,20,0,0,0,0,0,0
39.3,5,1,5,4,1,1,1
39.2,2.4,1,5,2,1,1,1
39.1,20,0,0,0,0,0,0
38.7,15.8,0,0,0,0,0,0
38.7,13.4,0,0,0,0,0,0
39.8,1,1,5,2,1,1,1
38.3,21.2,0,0,0,0,0,0
39.7,2.6,1,5,5,1,1,1
38.2,17.6,0,0,0,0,0,0
39.8,2.7,1,5,4,1,1,1
38.1,19.2,0,0,0,0,0,0
38.4,20.4,0,0,0,0,0,0
39.2,2.9,1,4,2,1,1,1
39.5,1.4,1,2,4,1,1,1
39,17.2,0,0,0,0,0,0
39.4,2.7,1,2,4,1,1,1
37.5,18.9,0,0,0,0,0,0
39.4,1.5,1,2,4,1,1,1
40.2,7.3,1,2,4,1,1,1
38.2,18.8,0,0,0,0,0,0
39,16.1,0,0,0,0,0,0
39.1,10.6,0,0,0,0,0,0
38.1,18.1,0,0,0,0,0,0
38.7,16.6,0,0,0,0,0,0
37.9,16,0,0,0,0,0,0
40.4,4.6,1,3,4,1,1,1
40,3.7,1,4,5,1,1,1
39.8,3.3,1,4,2,1,1,1
38.2,19.6,0,0,0,0,0,0
40.2,4.7,1,4,5,1,1,1
38.3,16.5,0,0,0,0,0,0
38.6,20.5,0,0,0,0,0,0
38.8,22,0,0,0,0,0,0
39.5,4.9,1,3,5,1,1,1
38.9,21.1,0,0,0,0,0,0
39.6,3.7,1,3,3,1,1,1
38.4,16.3,0,0,0,0,0,0
38.4,23.7,0,0,0,0,0,0
38.5,21.5,0,0,0,0,0,0
39.5,3.7,1,2,3,1,1,1
38,20.5,0,0,0,0,0,0
39.2,2.6,1,4,2,1,1,1
38.3,18.3,0,0,0,0,0,0
38.8,13.6,0,0,0,0,0,0
39.6,3.2,1,5,3,1,1,1
39.8,0,1,2,2,1,1,1
40.2,2.6,1,3,5,1,1,1
39.4,4.4,1,5,3,1,1,1
38.2,18.1,0,0,0,0,0,0
39.9,0.3,1,2,3,1,1,1
39,22.1,0,0,0,0,0,0
40.2,4.8,1,3,2,1,1,1
38.7,17,0,0,0,0,0,0
38.9,17.4,0,0,0,0,0,0
38.5,18.6,0,0,0,0,0,0
38.3,14.1,0,0,0,0,0,0
38.6,19.5,0,0,0,0,0,0
38.5,20.2,0,0,0,0,0,0
38.8,19.4,0,0,0,0,0,0
38.7,18.8,0,0,0,0,0,0
40,2,1,3,3,1,1,1
39,4,1,4,3,1,1,1
38.5,19.2,0,0,0,0,0,0
40.1,1.5,1,3,4,1,1,1
40.1,4.3,1,2,2,1,1,1
39.6,7.5,1,5,5,1,1,1
40.2,3.4,1,5,3,1,1,1
38.3,25,0,0,0,0,0,0
40.3,1.6,1,3,2,1,1,1
38.8,15.9,0,0,0,0,0,0
40.4,3.1,1,2,4,1,1,1
39.8,1.5,1,2,2,1,1,1
38.5,19.4,0,0,0,0,0,0
39.3,5,1,4,5,1,1,1
38.1,16,0,0,0,0,0,0
38.5,10.1,0,0,0,0,0,0
38.9,3.5,1,2,3,1,1,1
39.4,4.2,1,4,3,1,1,1
38.9,14.2,0,0,0,0,0,0
39.3,2.6,1,5,4,1,1,1
39.1,2.8,1,3,3,1,1,1
39.5,0.8,1,5,2,1,1,1
39.5,2.8,1,4,5,1,1,1
39.5,4.5,1,3,4,1,1,1
38.1,15.9,0,0,0,0,0,0
38.8,2.8,1,2,5,1,1,1
39.3,4,1,5,4,1,1,1
39.4,16.5,0,0,0,0,0,0
38.4,17.5,0,0,0,0,0,0
39.1,17.1,0,0,0,0,0,0
38.4,0.2,1,4,2,1,1,1
38.3,24.4,0,0,0,0,0,0
38.2,21.3,0,0,0,0,0,0
38.8,14.3,0,0,0,0,0,0
40.2,1.2,1,3,2,1,1,1
39.5,0,1,5,2,1,1,1
38.2,16,0,0,0,0,0,0
39.4,3.3,1,2,2,1,1,1
39.8,16,0,0,0,0,0,0
38.3,17.5,0,0,0,0,0,0
38.2,23,0,0,0,0,0,0
40.1,2.7,1,4,5,1,1,1
38.9,15.2,0,0,0,0,0,0
38.7,15.6,0,0,0,0,0,0
39.9,1.9,1,2,2,1,1,1
38.9,4.4,1,4,4,1,1,1
39.3,6,1,2,4,1,1,1
38.5,17.9,0,0,0,0,0,0
38.7,9.4,0,0,0,0,0,0
38.6,19.8,0,0,0,0,0,0
39.9,1.6,1,2,5,1,1,1
39,2.2,1,5,2,1,1,1
39.1,5.5,1,4,5,1,1,1
38.2,18.3,0,0,0,0,0,0
38.8,17.9,0,0,0,0,0,0
39.6,5.1,1,4,4,1,1,1
38.2,13.9,0,0,0,0,0,0
39.9,1.7,1,4,5,1,1,1
38.7,18.9,0,0,0,0,0,0
38.7,21,0,0,0,0,0,0
38.9,21.8,0,0,0,0,0,0
38.8,21,0,0,0,0,0,0
38.6,17.9,0,0,0,0,0,0
38.2,14.7,0,0,0,0,0,0
39,20.1,0,0,0,0,0,0
39.1,17.2,0,0,0,0,0,0
39.6,7.2,1,4,5,1,1,1
38.7,17.7,0,0,0,0,0,0
39.3,0,1,4,2,1,1,1
39.8,3.9,1,3,4,1,1,1
38.4,17.2,0,0,0,0,0,0
38.9,18.3,0,0,0,0,0,0
40,5.7,1,4,4,1,1,1
37.7,20.4,0,0,0,0,0,0
39,17.5,0,0,0,0,0,0
40.1,2,1,3,5,1,1,1
39.5,4.3,1,2,4,1,1,1
39.1,6.1,1,5,2,1,1,1
38.7,14.9,0,0,0,0,0,0
39.7,1.5,1,5,4,1,1,1
38.4,16.6,0,0,0,0,0,0
38.2,20.8,0,0,0,0,0,0
39,17.8,0,0,0,0,0,0
38.8,17.8,0,0,0,0,0,0
38.3,20.8,0,0,0,0,0,0
39.9,0,1,3,5,1,1,1
39.9,4.2,1,4,5,1,1,1
39.1,16.3,0,0,0,0,0,0
39.2,18.4,0,0,0,0,0,0
38.3,14.5,0,0,0,0,0,0
39.9,1.1,1,5,3,1,1,1
38.1,20.2,0,0,0,0,0,0
40.1,0.5,1,4,3,1,1,1
38.8,22.6,0,0,0,0,0,0
38.6,15.8,0,0,0,0,0,0
39.6,4,1,5,5,1,1,1
40.6,0.5,1,2,4,1,1,1
39.4,0.6,1,2,3,1,1,1
38.3,18.2,0,0,0,0,0,0
38.7,2.8,1,5,2,1,1,1
38.4,16.5,0,0,0,0,0,0
40,3,1,5,5,1,1,1
39.2,16.7,0,0,0,0,0,0
40,5.2,1,2,2,1,1,1
38.1,25,0,0,0,0,0,0
40,6.9,1,4,2,1,1,1
39.6,1.5,1,5,5,1,1,1
39.3,2.3,1,5,2,1,1,1
39.8,4.6,1,3,4,1,1,1
38.3,21.8,0,0,0,0,0,0
38.6,17.6,0,0,0,0,0,0
38.7,11.8,0,0,0,0,0,0
38.9,21.4,0,0,0,0,0,0
38,22.6,0,0,0,0,0,0
37.7,11.7,0,0,0,0,0,0
38.8,12.6,0,0,0,0,0,0
39.3,3.8,1,5,3,1,1,1
38.8,23,0,0,0,0,0,0
38.5,22.2,0,0,0,0,0,0
38.5,18.7,0,0,0,0,0,0
38.4,12.4,0,0,0,0,0,0
38.4,15.8,0,0,0,0,0,0
38.9,20.7,0,0,0,0,0,0
39.6,5.1,1,5,4,1,1,1
38.8,15.2,0,0,0,0,0,0
38.1,16.6,0,0,0,0,0,0
37.7,17.2,0,0,0,0,0,0
37.9,18.3,0,0,0,0,0,0
39.5,1.8,1,5,4,1,1,1
38.9,16.5,0,0,0,0,0,0
38.6,18.8,0,0,0,0,0,0
40,5.5,1,2,2,1,1,1
38.3,21.3,0,0,0,0,0,0
39.4,2.7,1,3,3,1,1,1
41,4.2,1,5,5,1,1,1
38.2,18.7,0,0,0,0,0,0
39.3,3.4,1,5,3,1,1,1
40,4.4,1,2,3,1,1,1
38.4,17.6,0,0,0,0,0,0
39.8,8,1,5,3,1,1,1
39,15.6,0,0,0,0,0,0
38.4,21.2,0,0,0,0,0,0
39.1,2.2,1,4,4,1,1,1
39.2,1.1,1,3,5,1,1,1
38.9,18.6,0,0,0,0,0,0
38,23.1,0,0,0,0,0,0
38.6,21.2,0,0,0,0,0,0
39.1,2.2,1,3,2,1,1,1
38.6,19.1,0,0,0,0,0,0
38.8,16.5,0,0,0,0,0,0
39.6,2.1,1,3,4,1,1,1
38.4,13.1,0,0,0,0,0,0
38.5,15.4,0,0,0,0,0,0
38.7,13.1,0,0,0,0,0,0
39.3,18.9,0,0,0,0,0,0
39.1,13.2,0,0,0,0,0,0
38,21,0,0,0,0,0,0
38.8,6.6,1,2,5,1,1,1
39.7,2.2,1,2,4,1,1,1
38.7,13.1,0,0,0,0,0,0
40.8,2.3,1,5,4,1,1,1
40,4.5,1,2,4,1,1,1
39,15.9,0,0,0,0,0,0
38.9,6.8,1,4,5,1,1,1
38.6,20.3,0,0,0,0,0,0
38.9,19,0,0,0,0,0,0
39.5,2.8,1,5,2,1,1,1
37.9,19,0,0,0,0,0,0
41.2,0.6,1,3,2,1,1,1
39.6,3,1,4,5,1,1,1
39.1,17.6,0,0,0,0,0,0
40.1,1.2,1,3,3,1,1,1
39.9,2.5,1,3,3,1,1,1
40,2.8,1,3,2,1,1,1
39.8,5.2,1,3,4,1,1,1
38.8,3.2,1,5,5,1,1,1
38.3,15.7,0,0,0,0,0,0
38.6,19.6,0,0,0,0,0,0
38.5,18.3,0,0,0,0,0,0
40.7,5.7,1,3,3,1,1,1
38.3,18,0,0,0,0,0,0
38.2,14.1,0,0,0,0,0,0
39,15.9,0,0,0,0,0,0
38.6,15.3,0,0,0,0,0,0
39,18.9,0,0,0,0,0,0
38.5,17.1,0,0,0,0,0,0
38.5,20.8,0,0,0,0,0,0
40,5.1,1,3,3,1,1,1
38.6,19.6,0,0,0,0,0,0
38.7,20,0,0,0,0,0,0
38.8,20,0,0,0,0,0,0
40.2,4.9,1,5,3,1,1,1
40.6,2.6,1,4,5,1,1,1
39.4,2.6,1,2,4,1,1,1
39.6,5.4,1,5,3,1,1,1
38.2,24.4,0,0,0,0,0,0
38.5,10.6,0,0,0,0,0,0
38.1,17.7,0,0,0,0,0,0
38.5,17.9,0,0,0,0,0,0
39.2,3.5,1,5,4,1,1,1
39.1,19.1,0,0,0,0,0,0
39.6,0,1,2,5,1,1,1
39.8,5.3,1,3,4,1,1,1
40.7,4.7,1,2,4,1,1,1
39.7,0,1,3,4,1,1,1
38.5,16.6,0,0,0,0,0,0
39.7,2.2,1,5,5,1,1,1
38,14,0,0,0,0,0,0
38,15.7,0,0,0,0,0,0
38.7,24,0,0,0,0,0,0
39.4,4.1,1,3,5,1,1,1
37.8,15.3,0,0,0,0,0,0
40.1,0.3,1,3,2,1,1,1
38.6,19.9,0,0,0,0,0,0
38.5,20.5,0,0,0,0,0,0
39.1,6.4,1,2,4,1,1,1
38.2,12.6,0,0,0,0,0,0
38.3,14.3,0,0,0,0,0,0
39.3,3.8,1,3,5,1,1,1
39.5,6.7,1,2,4,1,1,1
40.1,6.8,1,3,3,1,1,1
38.5,18.9,0,0,0,0,0,0
38.8,18,0,0,0,0,0,0
39.5,1.3,1,4,3,1,1,1
38.9,20.8,0,0,0,0,0,0
40,3.2,1,2,5,1,1,1
39.7,3.3,1,5,4,1,1,1
40,2.9,1,5,3,1,1,1
38.8,19.8,0,0,0,0,0,0
40.6,0,1,5,2,1,1,1
39.1,14,0,0,0,0,0,0
39.1,21.1,0,0,0,0,0,0
39.5,3.8,1,4,5,1,1,1
40.6,2.8,1,5,2,1,1,1
40.2,4.4,1,3,4,1,1,1
40.2,3.7,1,3,4,1,1,1
39.3,14.9,0,0,0,0,0,0
39.8,5,1,3,3,1,1,1
40.1,0,1,5,4,1,1,1
40.4,3,1,4,5,1,1,1
39.8,5.1,1,3,4,1,1,1
38.9,3.8,1,3,5,1,1,1
38.1,23.8,0,0,0,0,0,0
38.9,20.2,0,0,0,0,0,0
38.6,22.1,0,0,0,0,0,0
38.9,16.7,0,0,0,0,0,0
39.4,2,1,3,2,1,1,1
39.5,0,1,2,4,1,1,1
40.2,2.4,1,3,2,1,1,1
39.5,0.4,1,5,3,1,1,1
39.7,3.3,1,5,3,1,1,1
40.3,3.4,1,3,3,1,1,1
38.2,17.7,0,0,0,0,0,0
39.8,5.2,1,3,3,1,1,1
40.4,5.1,1,4,4,1,1,1
38.3,18.4,0,0,0,0,0,0
40.4,4,1,3,3,1,1,1
40.4,0.5,1,4,5,1,1,1
39.9,0.8,1,3,3,1,1,1
39.2,18.3,0,0,0,0,0,0
39.6,1.7,1,3,3,1,1,1
39.6,2.2,1,2,2,1,1,1
39.1,3.5,1,4,5,1,1,1
38.4,17.3,0,0,0,0,0,0
39.6,4.3,1,4,2,1,1,1
39.3,3.7,1,5,4,1,1,1
39.6,1.6,1,3,4,1,1,1
39.4,6.3,1,5,4,1,1,1
39.2,3.7,1,5,3,1,1,1
38.1,15.8,0,0,0,0,0,0
39.4,4.7,1,4,3,1,1,1
39.1,6.1,1,3,2,1,1,1
37.4,19.7,0,0,0,0,0,0
38.7,19.3,0,0,0,0,0,0
38.8,17.1,0,0,0,0,0,0
39.1,17.2,0,0,0,0,0,0
39.9,6.4,1,2,4,1,1,1
39.2,2,1,4,5,1,1,1
40.1,3.4,1,2,4,1,1,1
38.8,15.4,0,0,0,0,0,0
38.5,17.5,0,0,0,0,0,0
41.2,4.1,1,2,4,1,1,1
39.5,1.2,1,2,4,1,1,1
39,20.2,0,0,0,0,0,0
39.8,1.5,1,5,3,1,1,1
39.9,0,1,2,5,1,1,1
39.2,6.1,1,4,4,1,1,1
39.1,2.5,1,2,3,1,1,1
40.4,4.2,1,4,5,1,1,1
38.9,17.8,0,0,0,0,0,0
38.6,13.3,0,0,0,0,0,0
38.5,19.1,0,0,0,0,0,0
39.7,1.4,1,3,5,1,1,1
38.5,24.5,0,0,0,0,0,0
40.1,4.5,1,2,3,1,1,1
39.5,17.6,0,0,0,0,0,0
39.9,5,1,2,4,1,1,1
40,3.5,1,4,5,1,1,1
39.9,8.2,1,4,2,1,1,1
39.4,20.6,0,0,0,0,0,0
39,5.7,1,4,3,1,1,1
39.9,6.2,1,3,4,1,1,1
39.3,3.3,1,5,4,1,1,1
40,4.5,1,2,2,1,1,1
40.5,0,1,2,3,1,1,1
39.3,2.6,1,5,4,1,1,1
38.5,15,0,0,0,0,0,0
38.5,14.6,0,0,0,0,0,0
40.3,3.1,1,5,5,1,1,1
40.1,1,1,4,3,1,1,1
40.5,1.9,1,2,4,1,1,1
38.5,17.9,0,0,0,0,0,0
39.7,1.2,1,5,5,1,1,1
40.2,0,1,2,2,1,1,1
38.2,19.2,0,0,0,0,0,0
40,0.8,1,4,2,1,1,1
38.8,14,0,0,0,0,0,0
38.9,4.3,1,2,5,1,1,1
38.1,17.1,0,0,0,0,0,0
38.1,20.6,0,0,0,0,0,0
39.5,4.4,1,4,4,1,1,1
41,2.9,1,3,3,1,1,1
38.6,21.9,0,0,0,0,0,0
39.9,5.6,1,3,5,1,1,1
38.3,13.8,0,0,0,0,0,0
39.6,1,1,5,3,1,1,1
40.3,1.6,1,2,3,1,1,1
37.8,20.3,0,0,0,0,0,0
39.5,6.6,1,2,5,1,1,1
38.8,17.8,0,0,0,0,0,0
38.4,20.4,0,0,0,0,0,0
38,16.8,0,0,0,0,0,0
39.3,16.7,0,0,0,0,0,0
39.3,3.6,1,5,5,1,1,1
40.1,4.6,1,3,3,1,1,1
39.7,3,1,4,3,1,1,1
39.3,5.7,1,3,4,1,1,1
40.4,5,1,2,4,1,1,1
38.2,18.8,0,0,0,0,0,0
38.8,2.8,1,5,3,1,1,1
39.6,5.7,1,2,4,1,1,1
37.8,15.7,0,0,0,0,0,0
39.4,24.7,0,0,0,0,0,0
39.7,0.9,1,5,3,1,1,1
39.8,3.9,1,5,5,1,1,1
39.4,3.1,1,3,5,1,1,1
38.4,19.7,0,0,0,0,0,0
40.5,1.1,1,2,4,1,1,1
39.4,6.2,1,5,4,1,1,1
38.2,15.5,0,0,0,0,0,0
39.5,5.5,1,2,2,1,1,1
38.7,18,0,0,0,0,0,0
38.5,12.4,0,0,0,0,0,0
40.1,4,1,3,2,1,1,1
38.4,18.2,0,0,0,0,0,0
39.5,4.3,1,3,2,1,1,1
38.6,15.6,0,0,0,0,0,0
38.7,19.8,0,0,0,0,0,0
39.3,0.6,1,5,5,1,1,1
38.2,14.7,0,0,0,0,0,0
38.4,18.7,0,0,0,0,0,0
39.3,0,1,5,5,1,1,1
39.8,0.6,1,4,2,1,1,1
38.4,18.9,0,0,0,0,0,0
39.1,22.5,0,0,0,0,0,0
38.6,14.7,0,0,0,0,0,0
38,17.1,0,0,0,0,0,0
38.7,5.1,1,4,3,1,1,1
40.2,2.5,1,5,2,1,1,1
40.1,1.7,1,2,4,1,1,1
38.9,16.9,0,0,0,0,0,0
38.5,22,0,0,0,0,0,0
38.1,18.6,0,0,0,0,0,0
39.7,3.1,1,4,4,1,1,1
39.7,0.7,1,5,4,1,1,1
38.5,15,0,0,0,0,0,0
38.4,13.7,0,0,0,0,0,0
38.4,14.4,0,0,0,0,0,0
38.7,19.1,0,0,0,0,0,0
39.7,1.4,1,5,2,1,1,1
40.3,0.4,1,2,4,1,1,1
38.6,18.4,0,0,0,0,0,0
39.6,3.6,1,2,4,1,1,1
38.9,2.9,1,4,4,1,1,1
39.2,16.7,0,0,0,0,0,0
37.6,25,0,0,0,0,0,0
38.7,24.5,0,0,0,0,0,0
39.4,2.7,1,5,4,1,1,1
39.2,3.3,1,2,4,1,1,1
39.1,0.8,1,3,3,1,1,1
37.9,21.5,0,0,0,0,0,0
38.2,13.5,0,0,0,0,0,0
38.4,14.9,0,0,0,0,0,0
38.5,22.2,0,0,0,0,0,0
40.1,0,1,3,2,1,1,1
40.5,2.7,1,4,3,1,1,1
38.9,14.5,0,0,0,0,0,0
38.3,14,0,0,0,0,0,0
38.1,0.5,1,3,4,1,1,1
40.5,5,1,3,5,1,1,1
39.6,3.5,1,3,3,1,1,1
38.8,0.9,1,4,3,1,1,1
39.6,5.4,1,3,4,1,1,1
38.2,19.3,0,0,0,0,0,0
39.9,3.8,1,4,5,1,1,1
37.9,19.2,0,0,0,0,0,0
38.8,21.8,0,0,0,0,0,0
39.6,2.9,1,3,5,1,1,1
39.7,3.3,1,5,3,1,1,1
39.4,0,1,2,2,1,1,1
38,18.9,0,0,0,0,0,0
39.1,2,1,5,2,1,1,1
40.1,0,1,4,3,1,1,1
38.6,15.2,0,0,0,0,0,0
38.9,18.4,0,0,0,0,0,0
38.5,19,0,0,0,0,0,0
39.9,5.7,1,3,2,1,1,1
38.4,21.5,0,0,0,0,0,0
37.9,20.9,0,0,0,0,0,0
39.9,4.9,1,2,4,1,1,1
39.1,0,1,2,2,1,1,1
38.5,21.2,0,0,0,0,0,0
38.6,17.2,0,0,0,0,0,0
39.4,0.5,1,5,5,1,1,1
39.7,2.4,1,2,5,1,1,1
39.7,0.5,1,3,2,1,1,1
39.6,1.4,1,3,4,1,1,1
38.2,20.8,0,0,0,0,0,0
38.4,22.9,0,0,0,0,0,0
38.9,2.7,1,4,4,1,1,1
39.1,5.2,1,5,2,1,1,1
39.5,3.6,1,4,5,1,1,1
40,2.3,1,3,4,1,1,1
39.2,2.3,1,3,4,1,1,1
39.4,4.6,1,2,2,1,1,1
39.2,16.2,0,0,0,0,0,0
37.9,14.2,0,0,0,0,0,0
39.5,14.9,0,0,0,0,0,0
38,21.8,0,0,0,0,0,0
38.3,15.8,0,0,0,0,0,0
40.2,3.1,1,2,3,1,1,1
37.8,19.5,0,0,0,0,0,0
38.9,1.4,1,2,4,1,1,1
38.6,13.1,0,0,0,0,0,0
38.9,14.4,0,0,0,0,0,0
39.2,19.4,0,0,0,0,0,0
38.9,18.3,0,0,0,0,0,0
39.7,4.3,1,3,4,1,1,1
40.1,3.9,1,3,3,1,1,1
39.7,3.2,1,2,4,1,1,1
38.3,20.3,0,0,0,0,0,0
39.1,17.1,0,0,0,0,0,0
39.1,17.5,0,0,0,0,0,0
40,5.2,1,4,2,1,1,1
39.7,2.2,1,5,2,1,1,1
37.8,16.3,0,0,0,0,0,0
38.6,20.2,0,0,0,0,0,0
39.5,4,1,4,4,1,1,1
40.1,5.8,1,4,5,1,1,1
38.6,13.9,0,0,0,0,0,0
39.9,2.3,1,2,2,1,1,1
39.1,18.8,0,0,0,0,0,0
38.4,18.2,0,0,0,0,0,0
38.8,21,0,0,0,0,0,0
37.9,20.1,0,0,0,0,0,0
39.4,3.8,1,5,5,1,1,1
39.8,0,1,4,4,1,1,1
38.9,16.8,0,0,0,0,0,0
38.5,19.3,0,0,0,0,0,0
38.2,21.8,0,0,0,0,0,0
40.3,2.1,1,5,3,1,1,1
37.8,18.7,0,0,0,0,0,0
37.9,18.8,0,0,0,0,0,0
38,16.2,0,0,0,0,0,0
40.2,2.6,1,3,4,1,1,1
40,2.6,1,3,5,1,1,1
38.7,25,0,0,0,0,0,0
38.1,14.7,0,0,0,0,0,0
39.3,0.5,1,2,4,1,1,1
38.4,20.3,0,0,0,0,0,0
40.2,5.9,1,2,3,1,1,1
38.9,20.2,0,0,0,0,0,0
38.1,18.1,0,0,0,0,0,0
40,1.8,1,5,4,1,1,1
38.7,17.1,0,0,0,0,0,0
38.3,20.8,0,0,0,0,0,0
38.3,19.9,0,0,0,0,0,0
40.4,1.2,1,2,3,1,1,1
39.5,1.6,1,4,4,1,1,1
38.2,18.2,0,0,0,0,0,0
38.5,17.2,0,0,0,0,0,0
39.4,2.9,1,4,5,1,1,1
39.4,1.7,1,4,5,1,1,1
40.6,5.5,1,3,4,1,1,1
39.3,15.7,0,0,0,0,0,0
38.8,21,0,0,0,0,0,0
38.8,20.7,0,0,0,0,0,0
38.8,1.8,1,5,4,1,1,1
37.8,20.9,0,0,0,0,0,0
40,5.5,1,3,5,1,1,1
37.4,14.7,0,0,0,0,0,0
39.3,2.7,1,4,2,1,1,1
40,0.1,1,5,4,1,1,1
37.5,12.3,0,0,0,0,0,0
39,18.2,0,0,0,0,0,0
38.8,18.9,0,0,0,0,0,0
38.5,19.6,0,0,0,0,0,0
40,4.4,1,5,3,1,1,1
38.8,20.8,0,0,0,0,0,0
38.3,16.9,0,0,0,0,0,0
40.1,2.8,1,2,5,1,1,1
38.4,18.7,0,0,0,0,0,0
38.6,17.9,0,0,0,0,0,0
38.7,13.3,0,0,0,0,0,0
39.2,1,1,3,3,1,1,1
38.7,23.1,0,0,0,0,0,0
39.8,5.2,1,3,4,1,1,1
39.1,23.1,0,0,0,0,0,0
38.7,22,0,0,0,0,0,0
39,16.9,0,0,0,0,0,0
39.7,4.9,1,4,5,1,1,1
38.8,15.5,0,0,0,0,0,0
38.2,19.4,0,0,0,0,0,0
39.8,0,1,4,2,1,1,1
38.4,11.9,0,0,0,0,0,0
38.8,20.1,0,0,0,0,0,0
40,5.6,1,3,2,1,1,1
38.8,20.3,0,0,0,0,0,0
38.4,18.3,0,0,0,0,0,0
39.4,4.9,1,5,3,1,1,1
39,17.6,0,0,0,0,0,0
38.1,13.6,0,0,0,0,0,0
38,22.2,0,0,0,0,0,0
39.6,1.2,1,2,5,1,1,1
39.8,0.6,1,4,3,1,1,1
40.4,3.9,1,2,5,1,1,1
40.9,2.3,1,3,4,1,1,1
39.7,3.9,1,3,2,1,1,1
38.2,17,0,0,0,0,0,0
38.6,13.5,0,0,0,0,0,0
38.9,20.7,0,0,0,0,0,0
39,16.6,0,0,0,0,0,0
38.4,23.1,0,0,0,0,0,0
39.8,2.7,1,5,2,1,1,1
40,2.6,1,4,5,1,1,1
40.5,2.5,1,5,2,1,1,1
40,3.3,1,3,2,1,1,1
39.7,2.2,1,2,5,1,1,1
39.9,1,1,5,2,1,1,1
40.3,5.4,1,2,2,1,1,1
38.8,23.1,0,0,0,0,0,0
37.7,13.6,0,0,0,0,0,0
39.1,18,0,0,0,0,0,0
39.2,19.7,0,0,0,0,0,0
40.2,4,1,2,2,1,1,1
40.1,5,1,5,5,1,1,1
40.2,2.6,1,4,5,1,1,1
38.9,0,1,5,5,1,1,1
38.2,15.9,0,0,0,0,0,0
38.5,17.7,0,0,0,0,0,0
38.8,18.4,0,0,0,0,0,0
39,3.4,1,5,4,1,1,1
37.8,21.3,0,0,0,0,0,0
40,0.1,1,5,5,1,1,1
38.9,12.7,0,0,0,0,0,0
40.1,2.6,1,5,2,1,1,1
39.4,3.3,1,4,5,1,1,1
38.5,11.1,0,0,0,0,0,0
39.3,0,1,3,5,1,1,1
37.7,17.2,0,0,0,0,0,0
40.3,1,1,2,5,1,1,1
39.9,2.7,1,3,3,1,1,1
39.4,5,1,2,3,1,1,1
38.7,15.8,0,0,0,0,0,0
39.4,5.5,1,3,2,1,1,1
38.5,17.1,0,0,0,0,0,0
40.5,3.2,1,5,4,1,1,1
39.7,2.6,1,4,3,1,1,1
39.3,21.4,0,0,0,0,0,0
40.2,8.1,1,4,5,1,1,1
38.9,2.6,1,4,2,1,1,1
40.2,2.4,1,3,3,1,1,1
39.7,2.7,1,4,2,1,1,1
39.9,2,1,4,5,1,1,1
38.7,25,0,0,0,0,0,0
38.2,17.7,0,0,0,0,0,0
38.7,19,0,0,0,0,0,0
38.7,22.9,0,0,0,0,0,0
38.2,16.5,0,0,0,0,0,0
38.8,15.5,0,0,0,0,0,0
38.3,16.4,0,0,0,0,0,0
38.3,21.6,0,0,0,0,0,0
38.4,17.8,0,0,0,0,0,0
39.3,5.2,1,4,3,1,1,1
41,3.1,1,3,3,1,1,1
38.5,15.6,0,0,0,0,0,0
38.1,20.6,0,0,0,0,0,0
38.5,14.8,0,0,0,0,0,0
39.2,3.4,1,4,4,1,1,1
39.8,1.6,1,5,5,1,1,1
40.4,0,1,2,2,1,1,1
38.3,14.7,0,0,0,0,0,0
40.7,0,1,5,2,1,1,1
39.1,1.1,1,4,4,1,1,1
39,16.8,0,0,0,0,0,0
39.7,3,1,4,2,1,1,1
39.7,3.2,1,2,5,1,1,1
39,22,0,0,0,0,0,0
38.3,13.1,0,0,0,0,0,0
39.9,3,1,4,3,1,1,1
39.6,17,0,0,0,0,0,0
38.4,22,0,0,0,0,0,0
40.3,6.5,1,4,2,1,1,1
39.8,0,1,3,5,1,1,1
38.5,14.6,0,0,0,0,0,0
40.4,2.8,1,5,4,1,1,1
38.9,14.9,0,0,0,0,0,0
40.3,3.1,1,2,2,1,1,1
38.2,14.7,0,0,0,0,0,0
38.8,20.1,0,0,0,0,0,0
38.1,19.3,0,0,0,0,0,0
39.8,4.7,1,3,4,1,1,1
38.7,3.8,1,3,2,1,1,1
41.5,4.5,1,2,4,1,1,1
38.3,16.4,0,0,0,0,0,0
39.8,1.7,1,3,4,1,1,1
40.3,0,1,4,2,1,1,1
39.1,4.1,1,3,2,1,1,1
39.5,3.1,1,3,2,1,1,1
39.4,6,1,5,5,1,1,1
40.6,5.5,1,4,5,1,1,1
38.3,15.8,0,0,0,0,0,0
39.2,2.7,1,5,4,1,1,1
38.1,23.8,0,0,0,0,0,0
38.3,20.2,0,0,0,0,0,0
39.5,5.6,1,3,3,1,1,1
38.5,22.4,0,0,0,0,0,0
39.8,6.4,1,5,3,1,1,1
39.2,2,1,5,4,1,1,1
38.5,13.2,0,0,0,0,0,0
39.5,4.8,1,2,3,1,1,1
39.1,15.8,0,0,0,0,0,0
37.9,15.1,0,0,0,0,0,0
40,2,1,2,2,1,1,1
39.9,5.4,1,5,2,1,1,1
40.1,3.6,1,4,3,1,1,1
39.5,3.1,1,5,5,1,1,1
38,16.5,0,0,0,0,0,0
40.9,3,1,4,4,1,1,1
39.9,2.2,1,3,3,1,1,1
40.4,1.5,1,2,4,1,1,1
39.5,0,1,2,4,1,1,1
38.7,13.9,0,0,0,0,0,0
38.4,18.8,0,0,0,0,0,0
37.9,13.1,0,0,0,0,0,0
38.1,24.3,0,0,0,0,0,0
38,14.3,0,0,0,0,0,0
39.7,2.7,1,3,2,1,1,1
40.3,2.5,1,2,3,1,1,1
40.3,2.1,1,4,3,1,1,1
40.3,0,1,5,2,1,1,1
39.1,14.7,0,0,0,0,0,0
40.1,2.8,1,3,3,1,1,1
39.6,0,1,5,5,1,1,1
39.2,18.6,0,0,0,0,0,0
38.5,15.2,0,0,0,0,0,0
39.3,3.3,1,4,2,1,1,1
38.2,25,0,0,0,0,0,0
39,15.3,0,0,0,0,0,0
40,5.1,1,2,2,1,1,1
39.4,4.3,1,5,2,1,1,1
39.6,1.1,1,5,3,1,1,1
39.4,4.4,1,5,2,1,1,1
39.1,16.7,0,0,0,0,0,0
40.2,4.6,1,2,5,1,1,1
38.7,23.3,0,0,0,0,0,0
39.2,15.3,0,0,0,0,0,0
38.9,14.6,0,0,0,0,0,0
38.4,21.3,0,0,0,0,0,0
38.3,17.7,0,0,0,0,0,0
38.2,11.2,0,0,0,0,0,0
37.7,19.9,0,0,0,0,0,0
40,3.7,1,2,5,1,1,1
38.1,15.3,0,0,0,0,0,0
39.5,18.1,0,0,0,0,0,0
40,0.9,1,4,4,1,1,1
39.9,3.4,1,3,5,1,1,1
38.3,21.1,0,0,0,0,0,0
39.8,3.4,1,3,3,1,1,1
39.1,16.6,0,0,0,0,0,0
38.4,16.4,0,0,0,0,0,0
40.5,1.5,1,3,2,1,1,1
37.9,15.3,0,0,0,0,0,0
39,19.8,0,0,0,0,0,0
39.9,3.4,1,2,3,1,1,1
39.5,1.2,1,3,2,1,1,1
39.5,3.9,1,2,4,1,1,1
39.6,6.2,1,5,5,1,1,1
40.1,3.9,1,5,2,1,1,1
38.8,17.6,0,0,0,0,0,0
39.7,5,1,3,3,1,1,1
39.6,0.4,1,4,2,1,1,1
37.9,13.7,0,0,0,0,0,0
38.5,13.6,0,0,0,0,0,0
39.9,0,1,3,5,1,1,1
39.4,17.3,0,0,0,0,0,0
39.2,9.5,0,0,0,0,0,0
38.7,19.3,0,0,0,0,0,0
39.6,3.2,1,2,4,1,1,1
38.6,20.8,0,0,0,0,0,0
38.4,19.2,0,0,0,0,0,0
38.6,16.8,0,0,0,0,0,0
40.1,1.1,1,4,2,1,1,1
39.1,1.4,1,2,4,1,1,1
40,3.4,1,5,4,1,1,1
38.2,15.7,0,0,0,0,0,0
38.5,18.4,0,0,0,0,0,0
39.6,3.1,1,4,5,1,1,1
40.7,3.5,1,5,3,1,1,1
39.4,0.8,1,3,5,1,1,1
38.6,17.8,0,0,0,0,0,0
39.1,5,1,5,5,1,1,1
39.3,4.3,1,4,3,1,1,1
38.2,16.2,0,0,0,0,0,0
38.1,14.4,0,0,0,0,0,0
38.4,18,0,0,0,0,0,0
38.3,14.4,0,0,0,0,0,0
39.6,0.8,1,5,5,1,1,1
40.2,3.5,1,4,3,1,1,1
39.3,5.5,1,2,5,1,1,1
38,18.9,0,0,0,0,0,0
40.1,0.6,1,2,4,1,1,1
39.4,3,1,5,5,1,1,1
38.3,16.2,0,0,0,0,0,0
40.1,2.9,1,4,3,1,1,1
38.2,25,0,0,0,0,0,0
39.2,2.1,1,5,4,1,1,1
38.1,17.2,0,0,0,0,0,0
38.8,21.6,0,0,0,0,0,0
40.5,2.3,1,5,2,1,1,1
37.7,20.2,0,0,0,0,0,0
40.4,4.7,1,5,2,1,1,1
39.7,5.3,1,2,5,1,1,1
38.2,22,0,0,0,0,0,0
40.5,4,1,2,5,1,1,1
39.3,1.2,1,3,2,1,1,1
39.4,15.3,0,0,0,0,0,0
39.4,20.4,0,0,0,0,0,0
39,16.4,0,0,0,0,0,0
39.6,0,1,2,3,1,1,1
38.9,23.8,0,0,0,0,0,0
38.1,14.5,0,0,0,0,0,0
38.6,18.2,0,0,0,0,0,0
40.1,2.4,1,2,3,1,1,1
39.3,0,1,5,5,1,1,1
40.3,6.9,1,5,2,1,1,1
37.7,19.1,0,0,0,0,0,0
38.3,17.2,0,0,0,0,0,0
39.9,7,1,4,2,1,1,1
37.9,16.9,0,0,0,0,0,0
39.7,2,1,3,2,1,1,1
39.5,0.8,1,5,5,1,1,1
39.7,2.7,1,4,2,1,1,1
39.5,1.7,1,3,3,1,1,1
39.7,0,1,4,2,1,1,1
39.9,4.5,1,4,4,1,1,1
39.9,2.1,1,3,5,1,1,1
40,0.6,1,5,3,1,1,1
38.5,12.2,0,0,0,0,0,0
40,6.4,1,3,5,1,1,1
38.5,6.9,1,3,4,1,1,1
40.4,0,1,3,4,1,1,1
37.9,18.3,0,0,0,0,0,0
38.2,15.5,0,0,0,0,0,0
39.4,1.2,1,4,4,1,1,1
38.9,17.2,0,0,0,0,0,0
39.9,2.6,1,4,5,1,1,1
39.8,0,1,5,2,1,1,1
38.6,0.5,1,5,3,1,1,1
39.9,5,1,2,3,1,1,1
38.3,13.3,0,0,0,0,0,0
38.2,16.5,0,0,0,0,0,0
39.6,3.9,1,2,2,1,1,1
38,15.1,0,0,0,0,0,0
38.7,15.4,0,0,0,0,0,0
38.2,18.5,0,0,0,0,0,0
39.5,3.2,1,3,5,1,1,1
38.3,17.2,0,0,0,0,0,0
38.5,15.2,0,0,0,0,0,0
38,20.7,0,0,0,0,0,0
38.9,1.8,1,5,2,1,1,1
38.2,15.9,0,0,0,0,0,0
39.4,18.2,0,0,0,0,0,0
40.9,1.5,1,3,4,1,1,1
38,16.6,0,0,0,0,0,0
39,18.9,0,0,0,0,0,0
38.4,17.6,0,0,0,0,0,0
39.9,1.6,1,5,3,1,1,1
38.3,12.9,0,0,0,0,0,0
39.5,2.3,1,4,2,1,1,1
39.6,0,1,5,4,1,1,1
38.2,16.4,0,0,0,0,0,0
39.7,3.5,1,2,3,1,1,1
38.6,18.7,0,0,0,0,0,0
38.4,19.3,0,0,0,0,0,0
38.5,21.5,0,0,0,0,0,0
38.5,3.4,1,3,3,1,1,1
38.4,16.8,0,0,0,0,0,0
39.3,4.8,1,2,4,1,1,1
38,15.7,0,0,0,0,0,0
38.5,14.9,0,0,0,0,0,0
39.5,2.5,1,3,4,1,1,1
40.1,3.3,1,3,4,1,1,1
37.6,19.3,0,0,0,0,0,0
38.5,22.8,0,0,0,0,0,0
39.1,19.5,0,0,0,0,0,0
39.3,14.4,0,0,0,0,0,0
38.4,16.2,0,0,0,0,0,0
38,15.1,0,0,0,0,0,0
40,5.2,1,3,5,1,1,1
38.6,21.3,0,0,0,0,0,0
38.8,22.4,0,0,0,0,0,0
39.7,3.7,1,5,2,1,1,1
39.3,4.4,1,2,4,1,1,1
38.3,19.7,0,0,0,0,0,0
39.3,4,1,5,4,1,1,1
39,21.5,0,0,0,0,0,0
39.4,6.6,1,4,4,1,1,1
39.1,20.5,0,0,0,0,0,0
39.7,7.8,1,2,5,1,1,1
40.7,0,1,2,5,1,1,1
38.8,16.7,0,0,0,0,0,0
39.8,7.2,1,5,2,1,1,1
39.4,4.7,1,4,4,1,1,1
38.5,16.6,0,0,0,0,0,0
38.9,15.4,0,0,0,0,0,0
38.6,12.1,0,0,0,0,0,0
40,6.3,1,4,3,1,1,1
38.3,13.9,0,0,0,0,0,0
40.6,0,1,2,2,1,1,1
40,6.4,1,3,2,1,1,1
40.1,1.8,1,5,5,1,1,1
38.6,15.2,0,0,0,0,0,0
38.2,17.4,0,0,0,0,0,0
39.8,0.4,1,4,5,1,1,1
38.2,20.1,0,0,0,0,0,0
39.7,3,1,2,5,1,1,1
38.4,18,0,0,0,0,0,0
38.7,16,0,0,0,0,0,0
38.3,20.3,0,0,0,0,0,0
39.6,1.1,1,3,4,1,1,1
40.1,4.6,1,2,4,1,1,1
38.6,19.5,0,0,0,0,0,0
39.6,0.8,1,5,5,1,1,1
38.1,15.1,0,0,0,0,0,0
40.2,1.3,1,2,2,1,1,1
38.6,16.1,0,0,0,0,0,0
37.8,20.2,0,0,0,0,0,0
38.3,18.3,0,0,0,0,0,0
38.9,3.8,1,4,2,1,1,1
38.6,16.6,0,0,0,0,0,0
39.8,0,1,2,2,1,1,1
38.5,21.7,0,0,0,0,0,0
39.7,2.5,1,5,5,1,1,1
39,2.3,1,2,3,1,1,1
40.6,4.3,1,3,2,1,1,1
39.9,0.8,1,2,2,1,1,1
39.5,4.9,1,3,4,1,1,1
38.5,17.8,0,0,0,0,0,0
39,11.1,0,0,0,0,0,0
38.5,20.7,0,0,0,0,0,0
38.8,17.4,0,0,0,0,0,0
40.4,4.6,1,3,3,1,1,1
40,6,1,4,2,1,1,1
38.2,18.8,0,0,0,0,0,0
40,7.3,1,2,4,1,1,1
40.3,2.1,1,2,2,1,1,1
39.4,2.9,1,3,5,1,1,1
40,2.6,1,2,4,1,1,1
38.4,14.3,0,0,0,0,0,0
38.9,19.1,0,0,0,0,0,0
38,17.4,0,0,0,0,0,0
39.7,5.8,1,4,5,1,1,1
39.1,18.4,0,0,0,0,0,0
38.9,22.3,0,0,0,0,0,0
39.4,19,0,0,0,0,0,0
39.5,7.2,1,5,4,1,1,1
39.6,1.7,1,4,3,1,1,1
39.8,3.2,1,3,2,1,1,1
39.7,19.5,0,0,0,0,0,0
40.2,3.9,1,3,3,1,1,1
39.4,1.5,1,3,5,1,1,1
38,15.6,0,0,0,0,0,0
39.4,2.7,1,4,5,1,1,1
40.4,2.7,1,4,4,1,1,1
40,0.3,1,2,3,1,1,1
38.8,17.5,0,0,0,0,0,0
40.5,5.4,1,5,2,1,1,1
38.3,13.4,0,0,0,0,0,0
38.8,21.7,0,0,0,0,0,0
38.1,22.7,0,0,0,0,0,0
40.1,1.4,1,3,5,1,1,1
38.6,17.3,0,0,0,0,0,0
38.5,14.2,0,0,0,0,0,0
38.7,17.3,0,0,0,0,0,0
39.8,7,1,3,3,1,1,1
39.6,2.5,1,4,3,1,1,1
39.6,2,1,5,3,1,1,1
38,19,0,0,0,0,0,0
38.4,19.2,0,0,0,0,0,0
38.5,14.5,0,0,0,0,0,0
39.8,4.9,1,2,3,1,1,1
37.9,19,0,0,0,0,0,0
38.4,19,0,0,0,0,0,0
38.2,19,0,0,0,0,0,0
39.3,17.5,0,0,0,0,0,0
38.5,19.2,0,0,0,0,0,0
40.1,5,1,4,2,1,1,1
39.4,3,1,4,5,1,1,1
38.7,15.1,0,0,0,0,0,0
38.5,15.6,0,0,0,0,0,0
40.2,1.1,1,5,5,1,1,1
38.4,13.6,0,0,0,0,0,0
39.4,2.2,1,4,5,1,1,1
38.6,12.7,0,0,0,0,0,0
38.3,18,0,0,0,0,0,0
38.4,13.5,0,0,0,0,0,0
39.2,0.4,1,4,3,1,1,1
37.8,15.7,0,0,0,0,0,0
38.9,15.9,0,0,0,0,0,0
39.2,19.4,0,0,0,0,0,0
38.3,22.1,0,0,0,0,0,0
39.3,1.4,1,4,3,1,1,1
38.1,19.2,0,0,0,0,0,0
37.9,18.9,0,0,0,0,0,0
39.7,4.2,1,2,3,1,1,1
39.1,16.4,0,0,0,0,0,0
38.4,20.5,0,0,0,0,0,0
39.9,2.8,1,4,3,1,1,1
39.6,4,1,3,2,1,1,1
38.2,19.6,0,0,0,0,0,0
39.2,0.3,1,4,2,1,1,1
39.3,18.6,0,0,0,0,0,0
39.7,18.5,0,0,0,0,0,0
38.5,16.6,0,0,0,0,0,0
39.9,4.2,1,3,3,1,1,1
38.7,17,0,0,0,0,0,0
37.7,21.9,0,0,0,0,0,0
38.5,15.8,0,0,0,0,0,0
40,3.5,1,3,2,1,1,1
38.9,5.5,1,2,3,1,1,1
38.9,11,0,0,0,0,0,0
39.2,1,1,5,5,1,1,1
39.1,6.1,1,2,5,1,1,1
39.7,1.6,1,4,3,1,1,1
40.8,3.3,1,4,2,1,1,1
39.2,16,0,0,0,0,0,0
39.8,1.8,1,4,2,1,1,1
40.6,7.8,1,5,2,1,1,1
38.6,20.3,0,0,0,0,0,0
38.6,19.9,0,0,0,0,0,0
38.7,14.8,0,0,0,0,0,0
38.5,22.1,0,0,0,0,0,0
38.9,23.7,0,0,0,0,0,0
38.2,17.5,0,0,0,0,0,0
40.2,2.7,1,2,2,1,1,1
37.9,14.3,0,0,0,0,0,0
38.8,21.4,0,0,0,0,0,0
40.4,3.3,1,5,2,1,1,1
40.2,3.1,1,4,2,1,1,1
38.9,17,0,0,0,0,0,0
38.5,19.6,0,0,0,0,0,0
38.4,14.3,0,0,0,0,0,0
38.5,19.9,0,0,0,0,0,0
39.7,1.1,1,5,3,1,1,1
38.6,16.9,0,0,0,0,0,0
39.7,3.2,1,3,2,1,1,1
40,0,1,4,5,1,1,1
39,19.7,0,0,0,0,0,0
40.4,5.6,1,5,3,1,1,1
38.1,14.7,0,0,0,0,0,0
39.4,1.1,1,5,2,1,1,1
39.4,3,1,3,3,1,1,1
38.5,22.3,0,0,0,0,0,0
40.1,0,1,5,2,1,1,1
39.4,6.3,1,3,3,1,1,1
38,13.5,0,0,0,0,0,0
37.9,20.9,0,0,0,0,0,0
38.7,16.4,0,0,0,0,0,0
39.6,2.5,1,2,2,1,1,1
38.9,1.5,1,2,2,1,1,1
38.2,17.2,0,0,0,0,0,0
39.9,6.1,1,2,2,1,1,1
38.8,22.5,0,0,0,0,0,0
39.1,19.4,0,0,0,0,0,0
38.5,19.5,0,0,0,0,0,0
39.6,4.8,1,5,5,1,1,1
39.2,2.3,1,5,2,1,1,1
40.2,0,1,2,3,1,1,1
39.5,0,1,3,4,1,1,1
38,18,0,0,0,0,0,0
38.9,12.9,0,0,0,0,0,0
38.6,17.9,0,0,0,0,0,0
40.1,5,1,5,5,1,1,1
40.8,2,1,4,5,1,1,1
40.1,1.1,1,2,2,1,1,1
40.1,5.3,1,5,3,1,1,1
38.5,15.9,0,0,0,0,0,0
39,5.1,1,3,3,1,1,1
38.4,16.6,0,0,0,0,0,0
37.8,12,0,0,0,0,0,0
40,7,1,3,5,1,1,1
39.5,5.3,1,4,4,1,1,1
39.7,3.7,1,3,5,1,1,1
40.1,2.8,1,3,4,1,1,1
38.4,16.5,0,0,0,0,0,0
39.3,3.7,1,4,5,1,1,1
39.8,2,1,3,4,1,1,1
39.7,3.1,1,4,2,1,1,1
37.9,19.1,0,0,0,0,0,0
38.4,13.1,0,0,0,0,0,0
38.1,15.5,0,0,0,0,0,0
38.2,16.8,0,0,0,0,0,0
39.1,19.3,0,0,0,0,0,0
39.7,4.7,1,4,4,1,1,1
39.9,1.6,1,3,3,1,1,1
38.3,20.4,0,0,0,0,0,0
39.7,2.3,1,4,3,1,1,1
38.5,23.3,0,0,0,0,0,0
39.7,5.1,1,4,2,1,1,1
39.8,5.2,1,4,3,1,1,1
39.5,4.9,1,4,3,1,1,1
38.6,15.1,0,0,0,0,0,0
39.3,6.4,1,4,4,1,1,1
39.4,1.6,1,5,3,1,1,1
38.5,14.6,0,0,0,0,0,0
38,15.6,0,0,0,0,0,0
39.9,0.2,1,5,3,1,1,1
39.7,0.3,1,2,2,1,1,1
38.8,23.8,0,0,0,0,0,0
38.5,18.4,0,0,0,0,0,0
37.9,21.8,0,0,0,0,0,0
38.2,21.9,0,0,0,0,0,0
39.8,2.9,1,2,4,1,1,1
40.1,0.5,1,2,3,1,1,1
39.8,3.3,1,4,4,1,1,1
38,20.8,0,0,0,0,0,0
39.6,3.2,1,3,5,1,1,1
39.7,0.7,1,4,4,1,1,1
38.2,17.9,0,0,0,0,0,0
38.8,18.4,0,0,0,0,0,0
38.9,13.2,0,0,0,0,0,0
40.1,1,1,3,3,1,1,1
39.2,4.7,1,3,3,1,1,1
38.1,23,0,0,0,0,0,0
38.7,15.3,0,0,0,0,0,0
39.7,4.1,1,5,2,1,1,1
39.7,2.7,1,2,4,1,1,1
39.5,3,1,4,2,1,1,1
39.2,6.8,1,5,3,1,1,1
40.1,4.2,1,5,5,1,1,1
40.2,6.9,1,4,2,1,1,1
38.9,17.4,0,0,0,0,0,0
38.2,19.8,0,0,0,0,0,0
39,20.9,0,0,0,0,0,0
38.8,24.5,0,0,0,0,0,0
40.6,1.7,1,4,2,1,1,1
39.3,8,1,5,3,1,1,1
38.7,18.2,0,0,0,0,0,0
39.7,4.1,1,2,3,1,1,1
37.7,19.7,0,0,0,0,0,0
38.8,15.2,0,0,0,0,0,0
38,20.2,0,0,0,0,0,0
38.8,21.6,0,0,0,0,0,0
39,19.5,0,0,0,0,0,0
38.5,24.7,0,0,0,0,0,0
38.7,19.6,0,0,0,0,0,0
40,4.7,1,5,5,1,1,1
38,18.9,0,0,0,0,0,0
38.2,14.4,0,0,0,0,0,0
39.3,1.3,1,5,4,1,1,1
41,1.5,1,3,4,1,1,1
38.7,11.3,0,0,0,0,0,0
40.1,0,1,5,4,1,1,1
40.7,0,1,3,4,1,1,1
38.6,17.8,0,0,0,0,0,0
38.5,17.6,0,0,0,0,0,0
40.3,4.8,1,4,5,1,1,1
40.5,3.5,1,5,4,1,1,1
38.8,14.9,0,0,0,0,0,0
39.9,0.6,1,5,4,1,1,1
38.5,18.7,0,0,0,0,0,0
38.4,14,0,0,0,0,0,0
38.2,22.3,0,0,0,0,0,0
38.7,22.4,0,0,0,0,0,0
38.2,14,0,0,0,0,0,0
38.6,19.5,0,0,0,0,0,0
40.3,0.5,1,5,4,1,1,1
38.3,18.7,0,0,0,0,0,0
38.4,20.5,0,0,0,0,0,0
38.7,16,0,0,0,0,0,0
40.1,3.1,1,4,2,1,1,1
38.3,15.1,0,0,0,0,0,0
38.8,19.7,0,0,0,0,0,0
39,23.5,0,0,0,0,0,0
39.5,6.3,1,5,4,1,1,1
40.3,1.1,1,2,5,1,1,1
39.6,6.6,1,2,2,1,1,1
40,5,1,5,3,1,1,1
39.4,6.5,1,4,5,1,1,1
40.4,1.7,1,4,4,1,1,1
41,3.7,1,4,2,1,1,1
40.6,2.7,1,3,2,1,1,1
38.7,15,0,0,0,0,0,0
40,4,1,4,3,1,1,1
38.5,22,0,0,0,0,0,0
38.8,18.5,0,0,0,0,0,0
38.6,16,0,0,0,0,0,0
38.4,22.2,0,0,0,0,0,0
39.7,2.4,1,4,4,1,1,1
38.3,18.7,0,0,0,0,0,0
38.6,23.9,0,0,0,0,0,0
40.2,6.4,1,3,3,1,1,1
38.3,18,0,0,0,0,0,0
39,16.6,0,0,0,0,0,0
38.6,17.6,0,0,0,0,0,0
40.2,5.3,1,5,5,1,1,1
39.1,17.9,0,0,0,0,0,0
40,4.2,1,4,5,1,1,1
38.4,17.1,0,0,0,0,0,0
39.3,2.3,1,4,4,1,1,1
40,0.8,1,3,2,1,1,1
39.9,6.3,1,5,3,1,1,1
38.7,12.8,0,0,0,0,0,0
39.8,4.8,1,4,3,1,1,1
38.7,20.3,0,0,0,0,0,0
38.7,21.3,0,0,0,0,0,0
38.6,19.7,0,0,0,0,0,0
38.5,13.6,0,0,0,0,0,0
40,5.2,1,3,2,1,1,1
38.4,19.6,0,0,0,0,0,0
37.9,16,0,0,0,0,0,0
37.1,22.3,0,0,0,0,0,0
38.7,18.3,0,0,0,0,0,0
38.6,3.9,1,4,4,1,1,1
37.8,21.8,0,0,0,0,0,0
38.8,15.2,0,0,0,0,0,0
40.1,4.8,1,2,3,1,1,1
38.8,17.9,0,0,0,0,0,0
39.6,4.5,1,5,5,1,1,1
39.4,0,1,2,3,1,1,1
40,2.3,1,3,5,1,1,1
37.9,20.6,0,0,0,0,0,0
40,0,1,5,4,1,1,1
40.7,3,1,4,4,1,1,1
39.3,15.5,0,0,0,0,0,0
38.6,17.9,0,0,0,0,0,0
38.9,16.9,0,0,0,0,0,0
39.2,15.9,0,0,0,0,0,0
38.4,16.4,0,0,0,0,0,0
38.5,21.4,0,0,0,0,0,0
37.7,16.4,0,0,0,0,0,0
40.1,2.6,1,2,4,1,1,1
39.8,1.7,1,2,4,1,1,1
39.5,2,1,4,4,1,1,1
38.2,22.3,0,0,0,0,0,0
39.6,4,1,5,3,1,1,1
38.8,20.5,0,0,0,0,0,0
39.9,4,1,3,2,1,1,1
39.5,3.8,1,3,3,1,1,1
39.6,3.4,1,4,5,1,1,1
38.6,12.3,0,0,0,0,0,0
38.5,16.1,0,0,0,0,0,0
39.9,1.9,1,3,4,1,1,1
38.5,21.2,0,0,0,0,0,0
39.1,1.3,1,3,5,1,1,1
38.2,17,0,0,0,0,0,0
38.1,19.9,0,0,0,0,0,0
38.5,20.9,0,0,0,0,0,0
39.1,18.5,0,0,0,0,0,0
38.7,19.4,0,0,0,0,0,0
38.8,17.7,0,0,0,0,0,0
40.6,0,1,5,3,1,1,1
40,3.9,1,2,3,1,1,1
38.7,19.9,0,0,0,0,0,0
39.9,6.8,1,5,2,1,1,1
40.1,3.7,1,2,2,1,1,1
40.7,2.2,1,4,5,1,1,1
39.9,4.5,1,3,4,1,1,1
39.3,7,1,5,4,1,1,1
39.2,0.7,1,3,5,1,1,1
39.9,0.9,1,4,2,1,1,1
38.5,19.2,0,0,0,0,0,0
38.4,15.6,0,0,0,0,0,0
38.4,18.7,0,0,0,0,0,0
40.4,3.1,1,2,2,1,1,1
38.1,23.5,0,0,0,0,0,0
39.9,3.3,1,2,4,1,1,1
38.2,17.2,0,0,0,0,0,0
38.3,18.5,0,0,0,0,0,0
38.5,18.6,0,0,0,0,0,0
38.3,16.8,0,0,0,0,0,0
37.3,19.6,0,0,0,0,0,0
38.4,14.7,0,0,0,0,0,0
38.4,20,0,0,0,0,0,0
38.4,18.5,0,0,0,0,0,0
38.5,23.2,0,0,0,0,0,0
40.1,2.7,1,4,3,1,1,1
38.2,17.7,0,0,0,0,0,0
39.2,5.3,1,2,3,1,1,1
41.5,2.4,1,2,2,1,1,1
39.4,4.2,1,2,5,1,1,1
40,3.3,1,4,3,1,1,1
38.2,15.5,0,0,0,0,0,0
39.9,0.8,1,2,2,1,1,1
39.5,0.2,1,4,2,1,1,1
38.5,16,0,0,0,0,0,0
39.5,9.1,1,3,5,1,1,1
39.6,24.4,0,0,0,0,0,0
38.8,3.5,1,4,5,1,1,1
40.1,1.7,1,3,4,1,1,1
40,4.1,1,3,5,1,1,1
39.1,16.2,0,0,0,0,0,0
40.1,3.3,1,5,2,1,1,1
38.9,18.6,0,0,0,0,0,0
41.1,0.7,1,2,4,1,1,1
40,0.2,1,5,2,1,1,1
39.7,0,1,2,5,1,1,1
39.5,1.4,1,2,2,1,1,1
37.4,16.6,0,0,0,0,0,0
39.4,5.9,1,3,3,1,1,1
38.5,12.1,0,0,0,0,0,0
38,19,0,0,0,0,0,0
37.7,23.6,0,0,0,0,0,0
38.1,19.9,0,0,0,0,0,0
39.5,3.6,1,4,3,1,1,1
40.2,4.9,1,3,5,1,1,1
38.6,20.9,0,0,0,0,0,0
38.4,14.5,0,0,0,0,0,0
38.2,13.8,0,0,0,0,0,0
39.9,4.4,1,2,4,1,1,1
38.1,17.8,0,0,0,0,0,0
37.6,17.9,0,0,0,0,0,0
39.2,18.3,0,0,0,0,0,0
37.9,16.6,0,0,0,0,0,0
38.5,21.4,0,0,0,0,0,0
37.7,15.4,0,0,0,0,0,0
38.9,13.6,0,0,0,0,0,0
40.3,3.3,1,4,2,1,1,1
39.7,1.3,1,5,3,1,1,1
39.5,4.7,1,4,2,1,1,1
40.4,5,1,4,2,1,1,1
38.5,20.2,0,0,0,0,0,0
38.2,20.7,0,0,0,0,0,0
40.1,3.3,1,3,5,1,1,1
38.7,17,0,0,0,0,0,0
39.8,2.3,1,4,4,1,1,1
38.7,16.9,0,0,0,0,0,0
39.9,1.9,1,5,5,1,1,1
39.2,0.7,1,3,4,1,1,1
38.4,20.1,0,0,0,0,0,0
40.1,0,1,2,5,1,1,1
38.3,15.2,0,0,0,0,0,0
38.3,12.3,0,0,0,0,0,0
38.8,15.9,0,0,0,0,0,0
38.6,18.3,0,0,0,0,0,0
38.4,16,0,0,0,0,0,0
38.7,14.7,0,0,0,0,0,0
38.9,17.1,0,0,0,0,0,0
39.5,3,1,2,3,1,1,1
38.6,17.7,0,0,0,0,0,0
39.1,15.8,0,0,0,0,0,0
38.2,13.9,0,0,0,0,0,0
40.3,5.2,1,3,5,1,1,1
40,5.6,1,4,2,1,1,1
38.5,18.7,0,0,0,0,0,0
39.9,4.8,1,2,4,1,1,1
38.7,19.2,0,0,0,0,0,0
40,0,1,3,3,1,1,1
39.5,2,1,2,2,1,1,1
38.6,22.4,0,0,0,0,0,0
39.2,22.7,0,0,0,0,0,0
39.1,6.5,1,4,5,1,1,1
39.6,0.5,1,4,2,1,1,1
39.2,6.7,1,5,4,1,1,1
39.6,1.9,1,2,2,1,1,1
39.9,5.6,1,3,2,1,1,1
40.3,1.1,1,2,5,1,1,1
40.1,0.8,1,2,2,1,1,1
38.7,19.1,0,0,0,0,0,0
39.1,20.3,0,0,0,0,0,0
39.9,1.6,1,4,2,1,1,1
38.9,15.6,0,0,0,0,0,0
39.1,21.3,0,0,0,0,0,0
40.5,0.9,1,3,3,1,1,1
38.9,1.7,1,4,3,1,1,1
41,2.8,1,2,5,1,1,1
38.5,17.3,0,0,0,0,0,0
38,17.4,0,0,0,0,0,0
38.6,16.2,0,0,0,0,0,0
40.6,5.5,1,2,4,1,1,1
39,14.8,0,0,0,0,0,0
39.4,1.4,1,4,2,1,1,1
40,5.6,1,2,2,1,1,1
40.5,4.1,1,3,5,1,1,1
38.3,9.9,0,0,0,0,0,0
39.4,0,1,5,3,1,1,1
39.8,3.5,1,4,4,1,1,1
38.3,15.5,0,0,0,0,0,0
38.6,17.9,0,0,0,0,0,0
39.4,0,1,3,5,1,1,1
38.1,19.8,0,0,0,0,0,0
38.8,16,0,0,0,0,0,0
40.9,1.3,1,4,5,1,1,1
39.6,1,1,5,3,1,1,1
38.7,3.6,1,5,5,1,1,1
39.9,4.6,1,3,2,1,1,1
39.9,1.6,1,2,3,1,1,1
37.9,19.9,0,0,0,0,0,0
39.3,6.1,1,2,3,1,1,1
40.5,4.3,1,5,5,1,1,1
38.4,21.1,0,0,0,0,0,0
38.5,17.4,0,0,0,0,0,0
38.6,19.8,0,0,0,0,0,0
40.5,1.3,1,3,5,1,1,1
39.3,2.3,1,5,5,1,1,1
39.1,5.9,1,3,2,1,1,1
39.9,3.2,1,4,2,1,1,1
39.5,0,1,4,2,1,1,1
38.6,16.7,0,0,0,0,0,0
40.3,7.7,1,4,3,1,1,1
40.3,2.8,1,3,3,1,1,1
38.2,22.8,0,0,0,0,0,0
38.3,13.7,0,0,0,0,0,0
37.6,16.9,0,0,0,0,0,0
39.2,4.7,1,3,5,1,1,1
38.6,12.7,0,0,0,0,0,0
37.9,21.7,0,0,0,0,0,0
38.8,16.1,0,0,0,0,0,0
38.7,19.7,0,0,0,0,0,0
38.4,17.1,0,0,0,0,0,0
39.5,0,1,5,3,1,1,1
40.5,0,1,5,3,1,1,1
39.1,0.8,1,2,3,1,1,1
37.9,14.5,0,0,0,0,0,0
38.8,15,0,0,0,0,0,0
41,1.3,1,5,4,1,1,1
39.9,0.7,1,2,4,1,1,1
38.5,18.9,0,0,0,0,0,0
39.8,2.9,1,3,3,1,1,1
38,21.1,0,0,0,0,0,0
39.6,2.8,1,3,5,1,1,1
38.1,22.4,0,0,0,0,0,0
38.2,18.9,0,0,0,0,0,0
39.6,1.1,1,2,5,1,1,1
40.1,0.5,1,4,5,1,1,1
38.2,14.4,0,0,0,0,0,0
39.6,5.3,1,2,2,1,1,1
38.6,21.6,0,0,0,0,0,0
40,7.9,1,5,4,1,1,1
40.3,0.4,1,2,3,1,1,1
39.4,3.9,1,4,3,1,1,1
38.2,17.5,0,0,0,0,0,0
38.3,25,0,0,0,0,0,0
39,16.5,0,0,0,0,0,0
40.3,1.3,1,4,2,1,1,1
38.5,22.3,0,0,0,0,0,0
38.8,3.1,1,4,3,1,1,1
40.8,4.7,1,5,4,1,1,1
39.9,3.2,1,5,4,1,1,1
39.9,1.6,1,2,5,1,1,1
39.1,14.4,0,0,0,0,0,0
37.8,21.4,0,0,0,0,0,0
40.3,2.8,1,5,4,1,1,1
38.2,12.6,0,0,0,0,0,0
39.3,4.7,1,3,3,1,1,1
40.3,5.8,1,3,3,1,1,1
39.3,7.2,1,2,3,1,1,1
40,0,1,2,3,1,1,1
38.4,18.7,0,0,0,0,0,0
41.2,2,1,5,4,1,1,1
40.2,2.4,1,4,4,1,1,1
38,20.8,0,0,0,0,0,0
39,15.4,0,0,0,0,0,0
40.3,5.2,1,2,5,1,1,1
40.3,4.7,1,2,4,1,1,1
38.4,16.5,0,0,0,0,0,0
40.2,2.1,1,5,2,1,1,1
38.7,19.1,0,0,0,0,0,0
39.5,0.8,1,5,5,1,1,1
37.9,21.6,0,0,0,0,0,0
40.2,0,1,4,2,1,1,1
39,20.3,0,0,0,0,0,0
38.9,16.9,0,0,0,0,0,0
40.1,6.9,1,5,2,1,1,1
38.7,19.6,0,0,0,0,0,0
38.3,19.9,0,0,0,0,0,0
39.4,15.8,0,0,0,0,0,0
39.2,22.2,0,0,0,0,0,0
40.2,3,1,4,4,1,1,1
38.5,13,0,0,0,0,0,0
40,5.4,1,5,3,1,1,1
38.8,19.6,0,0,0,0,0,0
38.7,15.2,0,0,0,0,0,0
38.9,3.7,1,2,2,1,1,1
38.4,16.9,0,0,0,0,0,0
38.7,23,0,0,0,0,0,0
40.5,3.2,1,5,3,1,1,1
38.1,16,0,0,0,0,0,0
38.3,22.8,0,0,0,0,0,0
38.1,23.3,0,0,0,0,0,0
39.8,0.5,1,4,3,1,1,1
39.8,2,1,5,2,1,1,1
38.5,21.4,0,0,0,0,0,0
39.6,2.8,1,2,2,1,1,1
38.3,16.8,0,0,0,0,0,0
38.9,17.2,0,0,0,0,0,0
40.6,2.7,1,2,3,1,1,1
39.9,0.7,1,5,3,1,1,1
40.1,1.5,1,3,5,1,1,1
38.6,3.9,1,4,3,1,1,1
38.4,14.6,0,0,0,0,0,0
38.6,17.7,0,0,0,0,0,0
38.7,14.8,0,0,0,0,0,0
38.7,3.7,1,5,5,1,1,1
39.2,0,1,2,4,1,1,1
40,3.8,1,5,3,1,1,1
39.2,3.3,1,5,3,1,1,1
38.7,16.4,0,0,0,0,0,0
38,18.4,0,0,0,0,0,0
40,3,1,2,2,1,1,1
40,1.2,1,5,5,1,1,1
40.4,2.1,1,2,5,1,1,1
40.8,1.9,1,4,2,1,1,1
38.4,12.7,0,0,0,0,0,0
39.9,1.6,1,2,4,1,1,1
40.4,3.3,1,4,4,1,1,1
40,2.2,1,4,3,1,1,1
38.5,14.8,0,0,0,0,0,0
37.8,14.2,0,0,0,0,0,0
40.2,4.8,1,2,2,1,1,1
39.2,4.2,1,3,2,1,1,1
37.7,15.5,0,0,0,0,0,0
39.6,0,1,4,4,1,1,1
38.7,23,0,0,0,0,0,0
38.5,16.2,0,0,0,0,0,0
39.2,21,0,0,0,0,0,0
38.9,15.7,0,0,0,0,0,0
38.8,16.8,0,0,0,0,0,0
38.7,14,0,0,0,0,0,0
39.9,0.2,1,3,5,1,1,1
39.6,6.6,1,5,3,1,1,1
39.5,5.9,1,2,5,1,1,1
38.5,1.2,1,3,2,1,1,1
38.3,16.2,0,0,0,0,0,0
38.3,13.8,0,0,0,0,0,0
38.9,20.7,0,0,0,0,0,0
39.5,4,1,2,2,1,1,1
39.9,3.7,1,2,2,1,1,1
38.5,2.2,1,3,2,1,1,1
40.7,3.7,1,4,4,1,1,1
38.1,18.5,0,0,0,0,0,0
39.4,0.9,1,3,2,1,1,1
38.2,19,0,0,0,0,0,0
39.5,4,1,4,3,1,1,1
40.2,3,1,3,4,1,1,1
38.5,17.3,0,0,0,0,0,0
38.4,15.6,0,0,0,0,0,0
39.6,1.3,1,4,2,1,1,1
37.9,17.8,0,0,0,0,0,0
39.4,4.6,1,2,5,1,1,1
40,0,1,3,5,1,1,1
39.1,2.4,1,4,5,1,1,1
38.5,13.9,0,0,0,0,0,0
39.9,0.3,1,5,4,1,1,1
39,5.5,1,5,2,1,1,1
38.8,14.6,0,0,0,0,0,0
38.8,19.6,0,0,0,0,0,0
40.5,3.6,1,4,3,1,1,1
38.2,18.6,0,0,0,0,0,0
40.5,1.9,1,5,4,1,1,1
38.8,16.3,0,0,0,0,0,0
40.2,3.9,1,2,2,1,1,1
39.3,15.4,0,0,0,0,0,0
38.5,19.3,0,0,0,0,0,0
40.2,4.8,1,4,5,1,1,1
39.7,1.2,1,2,2,1,1,1
40,2.1,1,3,2,1,1,1
39,3.1,1,3,2,1,1,1
39.6,4.9,1,4,3,1,1,1
38.2,12.8,0,0,0,0,0,0
38.4,14.4,0,0,0,0,0,0
39.9,2.3,1,2,5,1,1,1
38.1,16.3,0,0,0,0,0,0
40,0.9,1,4,5,1,1,1
38.8,17.5,0,0,0,0,0,0
39,20.3,0,0,0,0,0,0
39.4,1.1,1,3,3,1,1,1
39.9,7.7,1,2,4,1,1,1
40.1,3.2,1,2,3,1,1,1
39.6,3.2,1,2,4,1,1,1
39,2.4,1,4,2,1,1,1
37.8,19.9,0,0,0,0,0,0
39.9,3.5,1,3,2,1,1,1
38.8,20.2,0,0,0,0,0,0
39.5,0,1,2,5,1,1,1
37.5,15.4,0,0,0,0,0,0
40,2.4,1,2,4,1,1,1
39.9,2.5,1,2,4,1,1,1
40,1.3,1,5,2,1,1,1
40.5,3.5,1,2,4,1,1,1
37.8,0.8,1,2,3,1,1,1
38.4,15.8,0,0,0,0,0,0
38.3,18.6,0,0,0,0,0,0
39.9,4.1,1,5,2,1,1,1
39,11.6,0,0,0,0,0,0
38.4,16.1,0,0,0,0,0,0
38.4,22.2,0,0,0,0,0,0
39.6,4.6,1,5,5,1,1,1
39.7,1.8,1,3,3,1,1,1
39.2,18.6,0,0,0,0,0,0
40.8,3.7,1,3,4,1,1,1
37.9,21.7,0,0,0,0,0,0
39.5,3.2,1,5,2,1,1,1
37.5,12.4,0,0,0,0,0,0
38.4,14.7,0,0,0,0,0,0
39.8,2.6,1,3,3,1,1,1
40.3,3.8,1,5,4,1,1,1
39.9,1.9,1,3,4,1,1,1
38.3,20,0,0,0,0,0,0
39,6.3,1,2,5,1,1,1
39.7,0,1,2,5,1,1,1
40,3.9,1,2,5,1,1,1
38.5,20,0,0,0,0,0,0
39.5,2.2,1,5,3,1,1,1
40.5,3.5,1,4,5,1,1,1
39.4,1.9,1,2,4,1,1,1
38.3,16.5,0,0,0,0,0,0
38.9,15.2,0,0,0,0,0,0
39.7,2.1,1,4,5,1,1,1
38.7,19,0,0,0,0,0,0
38.1,22.6,0,0,0,0,0,0
40.1,2.5,1,3,3,1,1,1
39.9,3.1,1,4,2,1,1,1
39.9,2.2,1,4,4,1,1,1
39.6,3.6,1,5,3,1,1,1
39.7,3.9,1,2,4,1,1,1
40.1,3.6,1,5,4,1,1,1
39.8,1.6,1,2,5,1,1,1
39.6,4.3,1,2,5,1,1,1
40.6,1.8,1,2,3,1,1,1
39.1,15.1,0,0,0,0,0,0
38.8,18.9,0,0,0,0,0,0
39.7,1.7,1,2,5,1,1,1
39.6,2.3,1,5,4,1,1,1
38.5,17.2,0,0,0,0,0,0
38.5,23.1,0,0,0,0,0,0
38.7,22.7,0,0,0,0,0,0
39.4,3.8,1,3,2,1,1,1
38.4,19,0,0,0,0,0,0
39.1,0.7,1,5,2,1,1,1
40.6,1.3,1,4,2,1,1,1
40.5,1.5,1,3,3,1,1,1
39.6,1.6,1,3,3,1,1,1
38.3,17.6,0,0,0,0,0,0
38.7,22,0,0,0,0,0,0
39.3,1.9,1,4,2,1,1,1
39.7,5.3,1,2,4,1,1,1
38.9,3.5,1,3,5,1,1,1
40.9,0,1,5,3,1,1,1
38,18.9,0,0,0,0,0,0
40,3.7,1,5,3,1,1,1
38.6,17.9,0,0,0,0,0,0
38.7,21.8,0,0,0,0,0,0
38.9,14.2,0,0,0,0,0,0
38.5,12.6,0,0,0,0,0,0
40,1.7,1,2,4,1,1,1
40.2,0.5,1,3,4,1,1,1
39.7,6.1,1,4,4,1,1,1
39.9,5.4,1,3,4,1,1,1
38.6,17.4,0,0,0,0,0,0
39.3,3.9,1,3,5,1,1,1
38.5,19.1,0,0,0,0,0,0
39.9,6.5,1,4,4,1,1,1
38.4,20.4,0,0,0,0,0,0
40.5,0,1,5,4,1,1,1
40.1,4.1,1,3,2,1,1,1
38.4,13.3,0,0,0,0,0,0
40.2,4,1,4,4,1,1,1
38.6,14.9,0,0,0,0,0,0
39.2,20,0,0,0,0,0,0
39.8,4.4,1,5,3,1,1,1
37.8,18.1,0,0,0,0,0,0
38.4,12.2,0,0,0,0,0,0
38.4,17.4,0,0,0,0,0,0
38.8,19.3,0,0,0,0,0,0
38.5,12,0,0,0,0,0,0
39.7,5.5,1,2,3,1,1,1
39.7,3.9,1,3,5,1,1,1
39.9,17.1,0,0,0,0,0,0
38.5,14.6,0,0,0,0,0,0
40,2.7,1,5,5,1,1,1
39.7,1.5,1,4,3,1,1,1
38.4,17.9,0,0,0,0,0,0
39.5,5.3,1,4,2,1,1,1
40,4.2,1,3,5,1,1,1
